Conflict ID,Fact / issue,Version A,Source A,Version B,Source B,Risk,Recommended action,Person who must confirm,Status
C-001,Canonical public phone / WhatsApp number,GBP primary phone: 074474 41426,"GMB Foundation live pull, May 2026",+91 94226 68921 used as website/WhatsApp number,"SEO Foundation, GMB Foundation, website references","High — NAP inconsistency, lost enquiries, tracking errors, inconsistent print/social assets.",Leadership must select the canonical appointment/call/WhatsApp configuration; update every owned and third-party surface.,Dr. Bhalerao / Operations / Marketing,OPEN
C-002,Business category and advertised scope,Focused minimally invasive surgical centre; explicitly not multispecialty,Master Brand Brain,"Multi-speciality hospital / emergency, OPD, ICU, broad hospital messaging",Logo-palette design instructions and some public/creative copy,"High — category confusion, inaccurate advertising, diluted positioning.","Confirm legal name, operational licence/category and exact service list that may be advertised.",Hospital leadership / Legal / Clinical lead,OPEN
C-003,Active brand palette,Actual-logo Prime Blue/Green/White system,Logo-palette-updated design and prompting guides,Deep blue/teal legacy and deep-teal/off-white/sage editorial system,Legacy design guide and Master Brand Brain visual section,High — inconsistent public identity and accidental reuse of deprecated palettes.,Approve Brand System v2.0: logo palette governs; retain editorial restraint principles where compatible.,Client approver / Brand lead,OPEN
C-004,Typography direction,Poppins/Montserrat/Inter sans-serif system,Logo-palette-updated design guide,Modern serif headlines plus geometric sans body,Master Brand Brain visual psychology,Medium — inconsistent templates and website/social mismatch.,Choose one cross-channel typography system and list permitted substitutions.,Brand lead / Client approver,OPEN
C-005,Visual composition direction,"Rounded cards, blue footer wave, icons, brighter social/GMB templates",Logo-palette-updated design guide,"High-restraint editorial grid, minimal cards, magazine-like composition",Master Brand Brain,"Medium — both can work, but ungoverned combination produces stylistic drift.",Define channel split: editorial website/authority content versus structured utility templates for GMB/social.,Creative director / Client approver,OPEN
C-006,Tone vocabulary and generic slogans,"Bans 'compassionate', 'Your health is our priority', 'world-class', 'best', etc.",Master Brand Brain,Updated design guide/examples use 'compassionate' and 'Your Health. Our Priority.',Logo-palette design/prompting guides,High — brand voice inconsistency and compliance risk from superlatives.,Approve a single words-to-use/ban list; remove banned clichés from active templates.,Brand lead / Clinical reviewer,OPEN
C-007,Dr. Bhalerao years of experience,"'10+ years' appears in website, SEO/prompt examples and June flyer","SEO Foundation, prompting examples, flyer references",A May 25 revision explicitly removed the '10 years experience' line,Comprehensive project audit conversation reconstruction,High — inconsistent credential claim and possible professional-advertising issue.,Verify exact start date and approved wording; update claim register before reuse.,Dr. Bhalerao / Compliance,OPEN
C-008,Doctor qualifications and biography,"MBBS, MS General Surgery, FMAS; references to MUHS",GMB/SEO/brand documents,Public doctor page reportedly references both MUHS and B.J. Medical College and another hospital affiliation,Comprehensive project audit public-site check,High — confusing or inaccurate biography.,"Obtain signed, canonical doctor bio with degrees, institutions, registrations, experience and current affiliations.",Dr. Bhalerao / Hospital administration,OPEN
C-009,Operating hours,Mon–Sat 9:00 AM–9:00 PM; Sunday closed,GMB Foundation live pull,Public contact page 5:00–9:00 PM Mon–Sat; Practo reportedly 11:00 AM–5:00 PM Mon–Sun,Comprehensive project audit,High — patient inconvenience and local-search trust damage.,"Lock official hospital, OPD and doctor consultation hours separately; update all listings.",Operations / Front desk,OPEN
C-010,Emergency/ICU capability and availability,Some updated design/GMB material presents emergency/ICU/hospital facilities,Logo-palette design guide and Q&A drafts,Focused surgical-centre positioning and Sunday closure do not define 24/7 emergency operations,Master Brand Brain and GMB hours,High — potentially unsafe patient expectation.,"Confirm exact emergency hours, ICU level, staffing and services; never imply 24/7 until verified.",Clinical operations / Compliance,OPEN
C-011,Cashless insurance acceptance,Many SEO/GMB drafts state cashless insurance or all major plans accepted,SEO/GMB Foundations,No current insurer/TPA list or approval conditions were supplied,Comprehensive audit claim queue,High — financial misrepresentation and patient disputes.,"Obtain active TPA/insurer list, pre-authorisation rules and approved wording.",Insurance desk / Finance,OPEN
C-012,Procedure cost ranges,"Draft ranges such as piles ₹50k–₹75k, hernia ₹45k–₹80k, gallbladder ₹40k–₹70k",SEO/GMB Foundations,"Research ranges were derived partly from external market sources, not confirmed Prime price sheets",SEO methodology and audit claim queue,"High — stale/inaccurate pricing, missing inclusions and statutory disclosures.","Finance must provide current ranges, inclusions, exclusions, validity and insurer caveats before publication.",Finance / Operations / Clinical lead,OPEN
C-013,Recovery and procedure-time claims,"Under 30 minutes, same-day discharge, back to work in 3–5 or 5–7 days, 24-hour recovery",SEO/GMB drafts,"No approved evidence register defining eligibility, procedure and patient caveats",Comprehensive audit claim queue,High — medical advertising and informed-consent risk.,Clinical lead must approve condition-specific ranges and mandatory caveats; otherwise remove numerical claims.,Clinical lead / Compliance,OPEN
C-014,Same surgeon consults and operates / 4-hour WhatsApp response,Used as differentiating promise and CTA,"Master Brand Brain, SEO/GMB drafts",Operational exceptions and staffing SLA not documented,Comprehensive audit claim queue,High — service promise may not always be fulfilled.,"Document operational scope, exceptions and response ownership; use only approved wording.",Dr. Bhalerao / Operations,OPEN
C-015,'No cuts/no stitches/painless/minimal pain' language,Appears in legacy/draft SEO and GMB copy,SEO/GMB Foundations and public-site audit,Compliance guides prohibit absolute or guaranteed outcomes,"Design guides, general GBP guideline, audit claim queue",High — over-broad medical claim.,"Replace with procedure-specific, case-dependent language reviewed by the clinical lead.",Clinical reviewer / Copy lead,OPEN
C-016,Hospital exterior imagery,Updated social/GMB guide says avoid exterior for intro thumbnails unless requested,Logo-palette-updated guides,GMB photo strategy requires real exterior/frontage photos for local verification,GMB Foundation,"Low/medium — not a true contradiction when channel-specific, but currently undocumented.",Use real exterior photos in GBP photo library; avoid making exterior the default designed-thumbnail hero.,Creative lead / GMB manager,OPEN
C-017,Canonical logo variant,prime-logo-for-website.png,Mounted project asset,Logo and Footer.png plus logo variants embedded in flyer chain,Mounted/File Library assets,"Medium — unclear master file, transparency, resolution and lockup rules.","Client must approve primary horizontal, monochrome, reversed and icon-only masters; obtain vector files.",Client approver / Designer,OPEN
C-018,Review count/rating and testimonial use,108 reviews at 4.9 in May 2026 live pull,GMB Foundation,Public website reportedly still showed 'Based on 29 reviews'; GMB post draft reused identifiable patient quotes,Comprehensive audit and GMB Foundation,High — stale social proof and privacy/consent risk.,Refresh figures at publication time; use sourced review widgets or anonymised excerpts only with policy/privacy review.,Marketing / Compliance,OPEN
C-019,Instagram appointment number,July Instagram audit recommends 7447441426,Competitive/Instagram audit,WhatsApp strategy and several assets use 9422668921,SEO/GMB Foundations,High — profile-to-enquiry fragmentation.,"Resolve canonical channel and update bio, highlights, links, creative footers and tracking.",Marketing / Operations,OPEN
C-020,Approval and publication status,Numerous final-looking assets and copy files exist,Project/File Library production history,"Formal client approval evidence, published links and editable masters are mostly missing",Comprehensive audit,High — accidental reuse of rejected/superseded work.,"Implement approval log with approver, date, version, channel, expiry and publication URL.",Project manager / Client approver,OPEN
C-021,GMB Q&A operating method,Foundation recommends posting seed questions from a personal account and answering as owner,GMB Foundation,Later authenticity/safety guidance requires genuine non-manipulative communication,General GMB guideline and comprehensive audit,High — platform manipulation/policy risk.,Retire synthetic seeding. Publish verified FAQ content through owned surfaces and answer genuine user questions accurately.,GMB manager / Compliance,OPEN
C-022,October 2025 broader service scope,"Content plan included urology, breast/gynecology, spine/stroke and broader hospital topics",October 2025 reconstructed plan,Later focused surgical scope excludes many unrelated services,Master Brand Brain and July competitive audit,Medium/high — cross-service advertising without current operational confirmation.,Archive or revalidate every older topic against current service scope before reuse.,Clinical lead / Project manager,OPEN
