Path,Size bytes,SHA-256
00_SOURCES/Campaign_Briefs/CAMPAIGN_BRIEF_INDEX.md,1329,eefb723f021dea5da3d369195294c034f70c4b9324aba620bac58ae288dcb86f
00_SOURCES/Content_References/CAPTION_FORMAT_REFERENCE.md,398,798058f5c0becd3215e73b00b493fd50da077c4c871fbe6b371f1106f2096b10
00_SOURCES/Content_References/CONTENT_FORMAT_REFERENCE.md,491,c28de6c17b03ce4018761d5ac0780a25160c23ac1dcc31218c4ae170f9a78541
00_SOURCES/Content_References/SCRIPT_FORMAT_REFERENCE.md,531,ce5356f75030da0033fd9935acc6afac71870acbe5c7901a9c451884897ec7b7
00_SOURCES/Design_References/NRS_Hospital_02_Design_Instructions.md,33549,a6aa95bba7425aeaa2c721250f5a4d22a333eec731d1606079ea8e391fa97406
00_SOURCES/FILE_NAMING_AND_STATUS_RULES.md,457,869c7592363182a902f0e0054a76743a7c815d871b79a6431aec0b8dd51efdd2
00_SOURCES/GMB_References/GMB Post and Image Guidelines.txt,11349,e0ee8997c5c2f594d1f9fb737b895eb3d11c6ac678cfaf27aea52b36806aa2e4
00_SOURCES/OPEN_QUESTIONS_AND_CONFLICTS.md,5473,e304886a460ca099d12ca0e27df6ab5c492f064ab8deeca24a16e31bd36620ca
00_SOURCES/Original_Uploads/FILE_LIBRARY_ASSET_POINTERS.md,1853,46bfa7f1a063034da6fe292a9786f317efaabc5d09584df6cfaa558949d04d21
00_SOURCES/Original_Uploads/GMB Post and Image Guidelines.txt,11349,e0ee8997c5c2f594d1f9fb737b895eb3d11c6ac678cfaf27aea52b36806aa2e4
00_SOURCES/Original_Uploads/NRS_Hospital_01_Strategic_Research.md,57185,6cb011d594227823c8cf17ac0a562d7d10666ca909bf622348c2e8cc62a67180
00_SOURCES/Original_Uploads/NRS_Hospital_02_AI_Prompting_Guide.md,26784,562c3f0c79783881bb640de717d55976aa9615ef299ce5c53456148594aee157
00_SOURCES/Original_Uploads/NRS_Hospital_02_Design_Instructions.md,33549,a6aa95bba7425aeaa2c721250f5a4d22a333eec731d1606079ea8e391fa97406
00_SOURCES/Original_Uploads/NRS_Hospital_03_Site_Extraction.md,33134,684c2890a733bba33b9bf71cc706351da6334e73a73700585507776b8e243ac8
00_SOURCES/Original_Uploads/nrs-hospital-prompt-02-design-instructions.md,27722,ca699caa4c0ebe9b2249f4b9f8213bfa4525e7572d28f6b0bdb58c2fd0e82ae3
00_SOURCES/Original_Uploads/nrs-logo.png,211085,0ca2107ec502420af8b23aaccb191183b97189f259715f1e636f2c0d0072f614
00_SOURCES/PROJECT_SUMMARY.md,1004,76fbc821b507453b8df022cc3ca7f541c65e3ad1a00592be80cebf5f5dac9169
00_SOURCES/Prompting_Guides/NRS_Hospital_02_AI_Prompting_Guide.md,26784,562c3f0c79783881bb640de717d55976aa9615ef299ce5c53456148594aee157
00_SOURCES/Prompting_Guides/nrs-hospital-prompt-02-design-instructions.md,27722,ca699caa4c0ebe9b2249f4b9f8213bfa4525e7572d28f6b0bdb58c2fd0e82ae3
00_SOURCES/Research/NRS_Hospital_01_Strategic_Research.md,57185,6cb011d594227823c8cf17ac0a562d7d10666ca909bf622348c2e8cc62a67180
00_SOURCES/Research/NRS_Hospital_03_Site_Extraction.md,33134,684c2890a733bba33b9bf71cc706351da6334e73a73700585507776b8e243ac8
00_SOURCES/SOURCE_INDEX.csv,6084,54b0faa566c7bd3b9b43ce8b4e1296b1aeda477d1e02a3ddc60b0b9f7ded9ced
00_SOURCES/START_HERE.md,1421,cf4eb2cd3edb622e5637de3b1d7e10433c3e99a64b891036085c06f8a18c13f3
01_DESIGN/AI_Image_Prompting_Guide.md,26784,562c3f0c79783881bb640de717d55976aa9615ef299ce5c53456148594aee157
01_DESIGN/Approved_Design_References/README_NO_APPROVED_REFERENCES.md,112,1525131ed6a8fa21e6e511666c7b87af5d268417076877ff4d563bfabc01d822
01_DESIGN/Brand_Quick_Reference.md,2167,27bc00454533f7a6465107d84c3919509450042e9bfa540e75d2fc8098c27c71
01_DESIGN/Client_Design_Preferences.md,774,73c17887d4e7c5d7e6c2562657bfcc8a6276686c5f9ca571da45546f6c1330a7
01_DESIGN/Colour_Palette.md,1220,6a327638d218838c310f1bf712dafef0b01f56c9c562adbaab9a8e867526a576
01_DESIGN/Full_Design_Guidelines.md,33549,a6aa95bba7425aeaa2c721250f5a4d22a333eec731d1606079ea8e391fa97406
01_DESIGN/Legacy_Design_References/LEGACY_VISUAL_SYSTEM.md,362,16cb3d4a8c15576a3be4eedc9b1d9253a3172c7c86c7dbe14a604822261160fa
01_DESIGN/Logo_Usage_Guide.md,929,362d42bf0a63af685a9cfcae54875d004eb9f6147e89aac52425e6b4ba1ff310
01_DESIGN/Typography_Guide.md,741,779a234ad8e5f60e242e149bee7d756a1fd24efd3de11a4559b6a7edaef82929
02_ASSETS/01_Logos/nrs-logo.png,211085,0ca2107ec502420af8b23aaccb191183b97189f259715f1e636f2c0d0072f614
02_ASSETS/02_Approved_Posts/README_NO_APPROVED_POSTS.md,68,d878eac339a51991bb0f4e1962ceabb71cdf0c9832f9c10d1c79eea0eb5ba7a1
02_ASSETS/03_Approved_Images/README_NO_APPROVED_IMAGES.md,62,963d1b10e6f4f97101dc1e08202c5bc79fa571c6a4e36bebd070605a5f0f326c
02_ASSETS/04_Doctor_Founder_Team_Photos/FILE_LIBRARY_PHOTO_POINTERS.md,421,6c15049472e267ad495315a7890a14faf0a9938447e2a7d412fc35ed480a233f
02_ASSETS/05_Clinic_Office_Product_Photos/README_MISSING_FACILITY_PHOTOS.md,111,d3282c55678fe851c7dd0d4568d342a88fec86596791a32043ee13310f29595a
02_ASSETS/06_Raw_Videos/README_NO_RAW_VIDEOS.md,76,7fe8c04fac5cd8234400890e1aef27a51ab299e0e079b480b0399233b2f209d9
02_ASSETS/07_Editable_Source_Files/README_NO_EDITABLE_FILES.md,98,aa8bf16053187c9ef024c4e01bdbac13adab967fc33eda3185b7aab1714a5a33
02_ASSETS/08_Final_Exports/README_NO_APPROVED_FINAL_EXPORTS.md,248,d0e1e729f866f9502204954ff1abdd5650c3d27b35295eeb1e3bba9229379d1a
02_ASSETS/09_Stock_And_Licences/README_NO_LICENCES_OR_CONSENTS.md,83,970708adf57c718db61873a4aa75df70496d859d174ea0577af51b22439b5dce
02_ASSETS/ASSET_INDEX.csv,12843,cd3aef815ba3c52b2959fafc1ae6672c08ebe9118f411a9372ad015d36ba62ac
02_ASSETS/README_ASSET_GOVERNANCE.md,351,b17288971be716d1578c4e96f6d30d6b82885c27d036fceaba0bb093dbfd425b
03_CONTENT/01_Scripts/README_NO_SCRIPTS_FOUND.md,856,6238f6ca35787ceff9da3e1e149bf2c3249838d60969acd490884407f24c8d00
03_CONTENT/02_Captions/Caption_Templates.md,1308,4023d26a84520fc9aa400386749961ee286f0b05ed668d164fc8ffcafb9c8afd
03_CONTENT/02_Captions/Extracted_Copy_And_Caption_Library.md,1654,124cccab97fdb1a1c12a21395399aa38d6e9862454941c007ecce17ddbc64052
03_CONTENT/02_Captions/Hashtag_And_Keyword_Formats.md,748,b960ebce628a78fd76972a8728c5314b595e0dc1b929096b4521723259985cb7
03_CONTENT/03_Content_Ideas/CONTENT_IDEA_REGISTER.csv,37230,5eaa2b572dbd064ffc571b24f28bc631dce5b3581e62def958bf040b1395ab01
03_CONTENT/03_Content_Ideas/Content_Idea_Summary.md,750,9ff434c9fc9efd42d748feba04940cf383c3f03f576c3a882af6d0aca6310cdb
03_CONTENT/04_Hooks_And_Headlines/Hook_Headline_CTA_Library.md,1505,93a1ab81242f5e70a538992449f513f6e798086433fe3971e8f0b703a8935437
03_CONTENT/05_Carousel_Content/2026-05-20_NRS-Hospital_Obesity-Risks_Carousel-English-Instagram_DRAFT_v01.md,2403,dadaba02cce3445872b4a3ec08a62ea1f53d3d8b59b8a81f8e69a23a1d951dff
03_CONTENT/05_Carousel_Content/2026-05-20_NRS-Hospital_Stress-Weight-Mind-Body_Carousel-English-Instagram_DRAFT_v01.md,2811,e7adc5b3843c783bc01524c1cca68219adb82e9315b4de2b3873ef5d4d6e8f02
03_CONTENT/06_Static_Post_Content/2026-05-20_NRS-Hospital_Nine-Tile-Medical-Awareness_Static-Posts-Mixed-Social_DRAFT_v01.md,2501,dbb0ecbd0f59b30c6828b63d3c38447088baf067ce1b86f01d80b92c037874de
03_CONTENT/06_Static_Post_Content/2026-07-02_NRS-Hospital_Health-Consultation_Static-Ad-English-Social_DRAFT_v01.md,970,184c99b5c909ab55928cdf4cd7c62ed040e06dbdfb22c4829b4d9d24dfc747bc
03_CONTENT/07_Reel_And_Video_Concepts/Reel_And_Video_Concept_Register.md,1080,08545acd6d052a6b82283586087cac225b3674a8b78de010c0d2c8aa17c4fe7c
03_CONTENT/08_Ad_Copy/Ad_Angles_And_Copy.md,1481,c78164aa2db79df9cb983bd96041fb08703ce364a0b8e19acda181ba7798754d
03_CONTENT/09_Content_Calendar/Draft_90_Day_Content_Framework.md,870,42a53a988df94c1203f7a056a15693bb555eedeb9a263cec3ae3893c94b12d92
03_CONTENT/09_Content_Calendar/README_NO_APPROVED_CALENDAR.md,214,73e96c35dd4391c16877380c2af620507768dbffffb8f64ae622b2a636b1075e
03_CONTENT/10_Published_Content/README_NO_PUBLISHED_CONTENT_PROOF.md,269,ed9916f672a4093f0ecfed806eb831ba458062babd0208ec4df135cabd328de4
03_CONTENT/11_Content_Performance/README_NO_CONTENT_PERFORMANCE_DATA.md,228,1d2c8ec9ba333e88bfdb8d01b9ad39434b660095ae1291d619405408c1fe3c1d
03_CONTENT/CONTENT_MASTER_INDEX.csv,33282,7012e0bb4f4da498bc7ca4f879ecb6870b8aee31b6bb3287d11cb0fb8f9bd0cf
03_CONTENT/SCRIPT_INDEX.csv,140,167691f4dcaab41769fb943356653bbdb372c8903b5a47126257add575e03467
04_GMB/01_Posting_Guidelines/GMB_Post_And_Image_Guidelines_GENERAL.txt,11349,e0ee8997c5c2f594d1f9fb737b895eb3d11c6ac678cfaf27aea52b36806aa2e4
04_GMB/01_Posting_Guidelines/NRS_GMB_Quick_Guide.md,1199,9536342e035d81d3cb32f9a5e70af60b2605b369f2882159024f0a42d0ef1623
04_GMB/02_GMB_Post_Ideas/GMB_Post_Idea_Register.md,1335,fda4c289ab7929ffaa5a17a859bb002761b3a2ec765f7eee5c6073d842938278
04_GMB/03_GMB_Post_Copy/GMB_Copy_Templates.md,1630,bb77535d1bbc0f25662ad4ea0e2dd8e5ef42d7b3e369c23a3891cdeb7b8fb703
04_GMB/04_GMB_Images/GMB_Image_Specifications_And_Prompts.md,1022,f1913a44b9f3c40c9a7534f7d1d0a802b31855d77bd25a0833dbc5c0b661a704
04_GMB/05_Published_Posts/README_NO_PUBLISHED_GMB_POSTS.md,202,468cd11dc54658160adf51b90fd24073dcbc5e1eccd8a7d70be02e28f7b8f37a
04_GMB/06_Review_Responses/Review_Response_Templates.md,1271,347197738de0f725e5020493d4d4dc53cd89af91bc7a373a92155a5ef7a0c598
04_GMB/07_QA_Content/Business_QA_Draft.md,1504,cad85779ad07942c9af9af2b0d37fe6713e4ca55c7182c7a1dbe6356e9f2a395
04_GMB/08_GMB_Performance/README_NO_GMB_PERFORMANCE_DATA.md,347,672cb71ef8f2370165ed1ae363b529db35dd661138f8210d601052a62aa9cd45
04_GMB/GMB_CONTENT_INDEX.csv,2589,30af4fd5a63b3fddb07142376e60c68a22caa1b344790846289c1673b988c9a7
05_CAMPAIGNS/2026-05_Medical-Awareness-And-Occasions/Ad_Copy/AD_COPY_STATUS.md,187,4fe6825cf5242c7ece5da32c05cbd791d4833cbaab5a7a705d5cd224f83ac05e
05_CAMPAIGNS/2026-05_Medical-Awareness-And-Occasions/Approvals/APPROVAL_STATUS.md,198,7d07912baff964a31f0b28aba268252006853dc5d6aad9ebdc18b98c81c643ee
05_CAMPAIGNS/2026-05_Medical-Awareness-And-Occasions/Brief/CAMPAIGN_BRIEF.md,1307,631c453ef887b5156a3eef6f594c8ea189450ae42b842325a56868505df44d0b
05_CAMPAIGNS/2026-05_Medical-Awareness-And-Occasions/Captions/README_CAPTION_STATUS.md,206,d047725db984c53964205d64ed2ab8730412f39c008d1816f303e8477d5f020a
05_CAMPAIGNS/2026-05_Medical-Awareness-And-Occasions/Creatives/CREATIVE_STATUS.md,359,056924d8da8ce2839e9fb2cc3899479cbc7cd84f21b9c3d8ecd59d21a347c6e6
05_CAMPAIGNS/2026-05_Medical-Awareness-And-Occasions/Landing_Page/LANDING_PAGE_STATUS.md,228,dee17a9ea8eb7b9bfab93e7b228fe82c211e43a3ced0468ca34d81f3e09b67db
05_CAMPAIGNS/2026-05_Medical-Awareness-And-Occasions/Performance/PERFORMANCE_STATUS.md,202,417d06598402b8cf72a971f36b63985659dd29de7daff4b5f4a25e5e04e0e9a6
05_CAMPAIGNS/2026-05_Medical-Awareness-And-Occasions/Research/RESEARCH_AND_SOURCE_NOTES.md,367,3f01075ee637f51f9886bdf7fe59a1083206d32696310f493acca45cc2bec7d5
05_CAMPAIGNS/2026-05_Medical-Awareness-And-Occasions/Scripts/README_SCRIPT_STATUS.md,212,3d0c8a0c0d53c089cb7f838d1be4c13dea4b404a043804eb96f5d3d90883753c
05_CAMPAIGNS/2026-05_NRS-Wellness_Stress-Weight-Mind-Body/Ad_Copy/AD_COPY_STATUS.md,203,b32bd6fcc0dcde18ef32ba6e8f4da30f646bf5e30bc1839bce91a60d1371ca43
05_CAMPAIGNS/2026-05_NRS-Wellness_Stress-Weight-Mind-Body/Approvals/APPROVAL_STATUS.md,198,7d07912baff964a31f0b28aba268252006853dc5d6aad9ebdc18b98c81c643ee
05_CAMPAIGNS/2026-05_NRS-Wellness_Stress-Weight-Mind-Body/Brief/CAMPAIGN_BRIEF.md,1421,a3cecf96d6679a7207691df0017ac8bddf8d074675361328a1833ad352f95966
05_CAMPAIGNS/2026-05_NRS-Wellness_Stress-Weight-Mind-Body/Captions/README_CAPTION_STATUS.md,222,b7ad8015d1958f506af1e87d263b2e5c21661b4bf77d9ac54cfa93368fafa151
05_CAMPAIGNS/2026-05_NRS-Wellness_Stress-Weight-Mind-Body/Creatives/CREATIVE_STATUS.md,305,7d18b352b4442eb17710ba89ce2bc26a17807b120ac14ebf8fb32a846fac18b0
05_CAMPAIGNS/2026-05_NRS-Wellness_Stress-Weight-Mind-Body/Landing_Page/LANDING_PAGE_STATUS.md,228,dee17a9ea8eb7b9bfab93e7b228fe82c211e43a3ced0468ca34d81f3e09b67db
05_CAMPAIGNS/2026-05_NRS-Wellness_Stress-Weight-Mind-Body/Performance/PERFORMANCE_STATUS.md,218,5f31db224651c52176198c1d07a9d5a1a3ea6fa322aa520a7ae70ffdd83ce532
05_CAMPAIGNS/2026-05_NRS-Wellness_Stress-Weight-Mind-Body/Research/RESEARCH_AND_SOURCE_NOTES.md,321,e75e9f145af5c691cd6d7689ea1c48a4d9e6a666cbf9532d74267b2486f52e44
05_CAMPAIGNS/2026-05_NRS-Wellness_Stress-Weight-Mind-Body/Scripts/README_SCRIPT_STATUS.md,228,d1c6b8f207ce0dd92c95bad605d14ca00b7fde7600f7742c37741f3083e70436
05_CAMPAIGNS/2026-05_Obesity-Awareness-And-Consultation/Ad_Copy/AD_COPY_STATUS.md,190,76cdce587025d1ddcfbae1755df3430a553e1de0038e51fe10163da526d090cb
05_CAMPAIGNS/2026-05_Obesity-Awareness-And-Consultation/Approvals/APPROVAL_STATUS.md,198,7d07912baff964a31f0b28aba268252006853dc5d6aad9ebdc18b98c81c643ee
05_CAMPAIGNS/2026-05_Obesity-Awareness-And-Consultation/Brief/CAMPAIGN_BRIEF.md,1225,1e55916df0f6fd611c5e9f9d88141640f36795e4440e41fa26c035d4f081218a
05_CAMPAIGNS/2026-05_Obesity-Awareness-And-Consultation/Captions/README_CAPTION_STATUS.md,209,91b6d52c60533a648931eaf770f0b12157ee46746c4d91c8b1b8b16038a41285
05_CAMPAIGNS/2026-05_Obesity-Awareness-And-Consultation/Creatives/CREATIVE_STATUS.md,275,72a940991fcf9495973d55ca56008ac76823ae3ec25d082b3555a32579ab1ef0
05_CAMPAIGNS/2026-05_Obesity-Awareness-And-Consultation/Landing_Page/LANDING_PAGE_STATUS.md,228,dee17a9ea8eb7b9bfab93e7b228fe82c211e43a3ced0468ca34d81f3e09b67db
05_CAMPAIGNS/2026-05_Obesity-Awareness-And-Consultation/Performance/PERFORMANCE_STATUS.md,205,8afad0d897bf3b7a78e3a9e8799e992600313138e15ba0a06c80b5809d5db21a
05_CAMPAIGNS/2026-05_Obesity-Awareness-And-Consultation/Research/RESEARCH_AND_SOURCE_NOTES.md,291,d0589bde27fdb7c0ae62e186682f6c9d49c05b10cca2902930e50b9ae9c1cdcb
05_CAMPAIGNS/2026-05_Obesity-Awareness-And-Consultation/Scripts/README_SCRIPT_STATUS.md,215,a077771e98987c955b1e547e0fc9c2c7157f5dc35c005d33b21ea89872bece3c
05_CAMPAIGNS/2026-07_Health-Consultation/Ad_Copy/AD_COPY_STATUS.md,175,6a30a1ed04c1c566e44eceff7741b138b2b89a1ab03cfefe60a0e026154af201
05_CAMPAIGNS/2026-07_Health-Consultation/Approvals/APPROVAL_STATUS.md,198,7d07912baff964a31f0b28aba268252006853dc5d6aad9ebdc18b98c81c643ee
05_CAMPAIGNS/2026-07_Health-Consultation/Brief/CAMPAIGN_BRIEF.md,1014,d7eae2e536219246f6f425359df04cb77ed01fa82e240d88dee370cfc3964d68
05_CAMPAIGNS/2026-07_Health-Consultation/Captions/README_CAPTION_STATUS.md,194,3325807d42fb9756de00527e3ca281f07e25c337b399ceb8244b381eb243a672
05_CAMPAIGNS/2026-07_Health-Consultation/Creatives/CREATIVE_STATUS.md,266,87e87d6661f9db60ab404c5d6f3f1c152823c824a6fb53ceb782be39f3315615
05_CAMPAIGNS/2026-07_Health-Consultation/Landing_Page/LANDING_PAGE_STATUS.md,228,dee17a9ea8eb7b9bfab93e7b228fe82c211e43a3ced0468ca34d81f3e09b67db
05_CAMPAIGNS/2026-07_Health-Consultation/Performance/PERFORMANCE_STATUS.md,190,2a444bd24f52a74dca60fa796362bfaf69ddffd9689743d244e6d5d63e3b5e6c
05_CAMPAIGNS/2026-07_Health-Consultation/Research/RESEARCH_AND_SOURCE_NOTES.md,274,a249f48630a21a219a74caa0bff9a6a0a1214fa28db40f46790ed79b6ac27b92
05_CAMPAIGNS/2026-07_Health-Consultation/Scripts/README_SCRIPT_STATUS.md,200,bd6ca2bd0f74ba8b32eb19ab59589c3d7261d68738fe3cbdeb9fcb0019047d78
05_CAMPAIGNS/CAMPAIGN_INDEX.csv,4881,7e1375a8995ad3d5e2e94f2164e5f0b2a5b086570c51564fbaeb3f57397a4c58
05_CAMPAIGNS/DATE-UNKNOWN_24x7-Emergency-And-Local-Visibility/Ad_Copy/AD_COPY_STATUS.md,192,7d2241e8e24753c464e68e366a13494c661f79769e00263f69e30cd6376b19df
05_CAMPAIGNS/DATE-UNKNOWN_24x7-Emergency-And-Local-Visibility/Approvals/APPROVAL_STATUS.md,198,7d07912baff964a31f0b28aba268252006853dc5d6aad9ebdc18b98c81c643ee
05_CAMPAIGNS/DATE-UNKNOWN_24x7-Emergency-And-Local-Visibility/Brief/CAMPAIGN_BRIEF.md,1280,2a3bcdb16d10dc63f2b7a5ba7990ee4090d47b25fa507f2379708b9de7ae30bc
05_CAMPAIGNS/DATE-UNKNOWN_24x7-Emergency-And-Local-Visibility/Captions/README_CAPTION_STATUS.md,211,895bab54f8abb2a159cd86b92c6fdf58682a0d477df9123523e4017568d96ea1
05_CAMPAIGNS/DATE-UNKNOWN_24x7-Emergency-And-Local-Visibility/Creatives/CREATIVE_STATUS.md,290,ac43d7a2d6c5a19ddf70d7372f5a006736b4074a15c5efb36587d90058503419
05_CAMPAIGNS/DATE-UNKNOWN_24x7-Emergency-And-Local-Visibility/Landing_Page/LANDING_PAGE_STATUS.md,228,dee17a9ea8eb7b9bfab93e7b228fe82c211e43a3ced0468ca34d81f3e09b67db
05_CAMPAIGNS/DATE-UNKNOWN_24x7-Emergency-And-Local-Visibility/Performance/PERFORMANCE_STATUS.md,207,faff96d9f0ec84b804daf0a88137972dbdbeb04dcf66a66b3f8a9baceab9a97c
05_CAMPAIGNS/DATE-UNKNOWN_24x7-Emergency-And-Local-Visibility/Research/RESEARCH_AND_SOURCE_NOTES.md,306,25dd026a05be276817c98b1948f7f1833d58fc15d897c9966944698750e92983
05_CAMPAIGNS/DATE-UNKNOWN_24x7-Emergency-And-Local-Visibility/Scripts/README_SCRIPT_STATUS.md,217,1912a2380d30e53139bbea22b26d77d0295b7aae19cf76c5ffb48da6078e8017
05_CAMPAIGNS/DATE-UNKNOWN_Cashless-And-Insurance-Clarity/Ad_Copy/AD_COPY_STATUS.md,186,2614b6c3028cab8df8fe66eb3122d2dd9c3062a1e09fd3ac727cdd7769dcc28b
05_CAMPAIGNS/DATE-UNKNOWN_Cashless-And-Insurance-Clarity/Approvals/APPROVAL_STATUS.md,198,7d07912baff964a31f0b28aba268252006853dc5d6aad9ebdc18b98c81c643ee
05_CAMPAIGNS/DATE-UNKNOWN_Cashless-And-Insurance-Clarity/Brief/CAMPAIGN_BRIEF.md,1191,67223e8d55525e8aa15759cf3c33166bc31eede12280a536e983c45096d05537
05_CAMPAIGNS/DATE-UNKNOWN_Cashless-And-Insurance-Clarity/Captions/README_CAPTION_STATUS.md,205,0575ae43ddd5e8c820d8b1604921921413ec5cfa8b1d1c1875e3156aebeaedc7
05_CAMPAIGNS/DATE-UNKNOWN_Cashless-And-Insurance-Clarity/Creatives/CREATIVE_STATUS.md,286,4c53d76111fc99993c576567ed34b0b12178f7345a9fd94e1c26f90f1365f168
05_CAMPAIGNS/DATE-UNKNOWN_Cashless-And-Insurance-Clarity/Landing_Page/LANDING_PAGE_STATUS.md,228,dee17a9ea8eb7b9bfab93e7b228fe82c211e43a3ced0468ca34d81f3e09b67db
05_CAMPAIGNS/DATE-UNKNOWN_Cashless-And-Insurance-Clarity/Performance/PERFORMANCE_STATUS.md,201,f5d589756111a49b179fe2c79be070bd05be86c59bebf13587f3a47b813b85cd
05_CAMPAIGNS/DATE-UNKNOWN_Cashless-And-Insurance-Clarity/Research/RESEARCH_AND_SOURCE_NOTES.md,302,834ff82a674bac7b04be1ec31e0ab7df723edbffe0d32c50669aa75cc332ebf5
05_CAMPAIGNS/DATE-UNKNOWN_Cashless-And-Insurance-Clarity/Scripts/README_SCRIPT_STATUS.md,211,00439758e3e47b9a9a935b1b45669f86573ce9a1efe53c3135a503e054c4a3da
05_CAMPAIGNS/DATE-UNKNOWN_Doctor-Led-Family-Hospital/Ad_Copy/AD_COPY_STATUS.md,182,608bde0d8a6a503a67f4a91a9c2740ca0b054153b4a91872ea0069cd3763babe
05_CAMPAIGNS/DATE-UNKNOWN_Doctor-Led-Family-Hospital/Approvals/APPROVAL_STATUS.md,198,7d07912baff964a31f0b28aba268252006853dc5d6aad9ebdc18b98c81c643ee
05_CAMPAIGNS/DATE-UNKNOWN_Doctor-Led-Family-Hospital/Brief/CAMPAIGN_BRIEF.md,1380,f73644669be5b1e8c283105e59679d5db2562e73ef6ec17e5b648b8c8954006e
05_CAMPAIGNS/DATE-UNKNOWN_Doctor-Led-Family-Hospital/Captions/README_CAPTION_STATUS.md,201,40bf60e1bd5c9c2b774985d6e18140abaff30a2286f64246788814d9c067a243
05_CAMPAIGNS/DATE-UNKNOWN_Doctor-Led-Family-Hospital/Creatives/CREATIVE_STATUS.md,302,970bc594d59e3895ad45ab5b3f031cd18ec8ae9fb5f05b819534fa694b57f238
05_CAMPAIGNS/DATE-UNKNOWN_Doctor-Led-Family-Hospital/Landing_Page/LANDING_PAGE_STATUS.md,228,dee17a9ea8eb7b9bfab93e7b228fe82c211e43a3ced0468ca34d81f3e09b67db
05_CAMPAIGNS/DATE-UNKNOWN_Doctor-Led-Family-Hospital/Performance/PERFORMANCE_STATUS.md,197,272f3438cc6bde588d3d17897299abe3253dd6563b4b585a652e3ab41113da26
05_CAMPAIGNS/DATE-UNKNOWN_Doctor-Led-Family-Hospital/Research/RESEARCH_AND_SOURCE_NOTES.md,318,09686b61f6c831e241473343172baab7e423222d1e09b045ec2d65d2b2a0e3f2
05_CAMPAIGNS/DATE-UNKNOWN_Doctor-Led-Family-Hospital/Scripts/README_SCRIPT_STATUS.md,207,f9031005575cc60119c85f62f24b4a534116b88e4a7b5959d8429419bf79c85c
05_CAMPAIGNS/DATE-UNKNOWN_Monsoon-Health-PCMC/Ad_Copy/AD_COPY_STATUS.md,175,b5d5d373b49e99ec42a0ad48241f2a640212feeec2351978e10898c76eeb3ef2
05_CAMPAIGNS/DATE-UNKNOWN_Monsoon-Health-PCMC/Approvals/APPROVAL_STATUS.md,198,7d07912baff964a31f0b28aba268252006853dc5d6aad9ebdc18b98c81c643ee
05_CAMPAIGNS/DATE-UNKNOWN_Monsoon-Health-PCMC/Brief/CAMPAIGN_BRIEF.md,1225,71fb9eba7b1bfa61301d09be3577bed5af1f4292d698a45895515515a28da3c3
05_CAMPAIGNS/DATE-UNKNOWN_Monsoon-Health-PCMC/Captions/README_CAPTION_STATUS.md,194,617bcbda8ce4a23761b3d9169c53fca1bc46bb040eb6b66cb7ffb5bfdbd6a2f1
05_CAMPAIGNS/DATE-UNKNOWN_Monsoon-Health-PCMC/Creatives/CREATIVE_STATUS.md,289,2fed61139f49efc94bfe7f1ff6e539e1e1257d0582cc4cb9f9dfb91efd4851f1
05_CAMPAIGNS/DATE-UNKNOWN_Monsoon-Health-PCMC/Landing_Page/LANDING_PAGE_STATUS.md,228,dee17a9ea8eb7b9bfab93e7b228fe82c211e43a3ced0468ca34d81f3e09b67db
05_CAMPAIGNS/DATE-UNKNOWN_Monsoon-Health-PCMC/Performance/PERFORMANCE_STATUS.md,190,70c216381d631828b7a96b0c5904001a0df323b012a616180a472543baa9b6d2
05_CAMPAIGNS/DATE-UNKNOWN_Monsoon-Health-PCMC/Research/RESEARCH_AND_SOURCE_NOTES.md,297,b4a95a1dad2a13a59e518c965b9cedde981166d456d5f13737398f03dfd507e8
05_CAMPAIGNS/DATE-UNKNOWN_Monsoon-Health-PCMC/Scripts/README_SCRIPT_STATUS.md,200,a908cf977915b99a4c4b15c5be4567148063516fce6e848059428bde30e7a7d1
05_CAMPAIGNS/DATE-UNKNOWN_Review-Growth-And-GBP/Ad_Copy/AD_COPY_STATUS.md,183,6824cd88bbd877d9bfb15a52eae90bd49c8b178875d1d5cf19d54d0a24e41d45
05_CAMPAIGNS/DATE-UNKNOWN_Review-Growth-And-GBP/Approvals/APPROVAL_STATUS.md,198,7d07912baff964a31f0b28aba268252006853dc5d6aad9ebdc18b98c81c643ee
05_CAMPAIGNS/DATE-UNKNOWN_Review-Growth-And-GBP/Brief/CAMPAIGN_BRIEF.md,1254,68ea4a26124f8ab8960b1e9eb3c614bf5d1fcd80f32df424a3a7a0655ac42d6b
05_CAMPAIGNS/DATE-UNKNOWN_Review-Growth-And-GBP/Captions/README_CAPTION_STATUS.md,202,681afa3220a8f80d92fbe1e56511a21d7ec62b46c34a303db9adc46aa8774341
05_CAMPAIGNS/DATE-UNKNOWN_Review-Growth-And-GBP/Creatives/CREATIVE_STATUS.md,307,5812db77d90f0837c70d5a44cbde82b1f3d16a8a073072b91d34d57ba1f57264
05_CAMPAIGNS/DATE-UNKNOWN_Review-Growth-And-GBP/Landing_Page/LANDING_PAGE_STATUS.md,228,dee17a9ea8eb7b9bfab93e7b228fe82c211e43a3ced0468ca34d81f3e09b67db
05_CAMPAIGNS/DATE-UNKNOWN_Review-Growth-And-GBP/Performance/PERFORMANCE_STATUS.md,198,164692ac95ff6b58129812f9d3a92944e620450e2b0762ce8bbb3ed2892f975e
05_CAMPAIGNS/DATE-UNKNOWN_Review-Growth-And-GBP/Research/RESEARCH_AND_SOURCE_NOTES.md,331,82de388a980bc943f886114dca0c6d2aaab2deeaf0b91c5650ee6ac587800e79
05_CAMPAIGNS/DATE-UNKNOWN_Review-Growth-And-GBP/Scripts/README_SCRIPT_STATUS.md,208,c74de8567257d031e82e3fcec41aa45cb1802b7cc4194434936beaa4217a7ee6
05_CAMPAIGNS/Future_Campaigns/README.md,238,2f9d1cdd3e5545b16aafe2d989186105862be267656d8d1cd21bea4655df4387
06_CLIENT_DETAILS/Approvals/APPROVAL_REGISTER.md,811,2aa25d6d4361eb08ac26510ca74618afd46e61272e8eff38413c9b669df654d2
06_CLIENT_DETAILS/Audience_Profiles.md,616,57b0c47ff92e6b195d2db38995cd10f4f3aa558c3b7ba20ddd6468056d5c3a74
06_CLIENT_DETAILS/Brand_Positioning.md,529,5390558c33912a846e1e4b82433f3821ffd5903d6b74f2e9b7c34717bdc8dea2
06_CLIENT_DETAILS/Business_Details.md,666,3aed4695806f95f6224662c01a1df77605e60d3df0ef1d31830bd186a6c5ca61
06_CLIENT_DETAILS/CLIENT_QUESTIONS.md,2690,d533b0d738cd789452ea167248c2a3aa934273ec9240d449202816d56bd0ae9b
06_CLIENT_DETAILS/Client_Fact_Sheet.md,1562,dc564e4ae62380f5fc91c347c0f64fa42d2af46593f81b939750f85f8fb8fbb1
06_CLIENT_DETAILS/Client_Preferences.md,367,50ef4e2800a35b7ebc39284f1140e0850065ce5933c5f366e0019f567385288e
06_CLIENT_DETAILS/Contact_And_Location.md,646,7f6808d13f79576e5e5975e4b0c9483e077d22c4f16b1c54a3712a304847e25f
06_CLIENT_DETAILS/Doctors_Founders_Team.md,1073,809f35ece31fbdd8e2d28be5cbb6f098d7181a078b9b19cd9349aff8cc463156
06_CLIENT_DETAILS/FACT_CONFLICT_REGISTER.csv,4963,8131d17205d9304c7a2b5bc0a38e5d9676f39f6953aefaa6233abd7f743e0f6e
06_CLIENT_DETAILS/Services_And_Offers.md,844,ecd030729c104bfc59d64acdd1d6b1d3cb9678d7d835238fee6cedc08d4a512c
07_REPORTS/01_Social_Media/README_NO_SOCIAL_MEDIA_REPORTS.md,206,0fac2147adada173295884307cec28880aa30bb34c1d802972912e33ffdc5928
07_REPORTS/02_Meta_Ads/README_NO_META_ADS_REPORTS.md,202,cfc81279cee33a293d8a65e56bf8e6c6123f6b6e2ef077d0f695a4464e4b179a
07_REPORTS/03_Google_Ads/README_NO_GOOGLE_ADS_REPORTS.md,206,b82a989ad3d28b5ed1715f2fc7a101d4edd6e7c3ac16c4936a068b765f7e48fe
07_REPORTS/04_Website/2026-05-26_NRS-Hospital_Website-Extraction_Report.md,33134,684c2890a733bba33b9bf71cc706351da6334e73a73700585507776b8e243ac8
07_REPORTS/04_Website/README_NO_IMPLEMENTATION_OR_ANALYTICS_PROOF.md,244,6734b652eab06c49ed8db8919e9d46b4e11bbef71fe7ac85a01d161111b3515c
07_REPORTS/05_SEO/README_NO_SEO_PERFORMANCE_REPORTS.md,228,6657b5a0785e977e424a90ea9a696c0d91a60b5f1da1ef60a54870f3c443f39f
07_REPORTS/06_GMB/README_NO_GMB_REPORTS.md,232,25855daa86d8727b35703f8400db3c2bbc62936f46765e6d2080b11ccd3d9c9f
07_REPORTS/07_Leads/README_NO_LEAD_REPORTS.md,196,45b87b8cd18f5e85cfc9398efeff3c563ab7758bf5f58ecce65d54d24ccf5488
07_REPORTS/08_Monthly_Reports/2026-07-13_NRS-Hospital_Project-Audit_FILE-LIBRARY-POINTER.md,438,8ccdd235ff58088894283851366d9efa778ee3d8393a96505ff2f2c920a68849
07_REPORTS/08_Monthly_Reports/2026-07-16_NRS-Hospital_Handover-Completion-Report.md,19407,0dc4f1067eacf375f3060141fa5784151d8e40f333d3acc4122e3f2b64983e61
07_REPORTS/REPORT_INDEX.csv,1546,9d472ae8ec3ada2e9c9e60851b4e89fc110a2c6f9fc2bc285671d3e7f17ea344
99_ARCHIVE/01_Old_Guidelines/README.md,282,bf773884a4ad3dfd28a0c6fe3e9672ccab7403532691eabb6efefe262d15dd85
99_ARCHIVE/02_Rejected_Assets/README_NO_REJECTION_EVIDENCE.md,140,0c590d8baab5b2aa25ce7e1b6a4eee0640e437a8337901fe3e3850faa7bfd5fc
99_ARCHIVE/03_Superseded_Content/LEGACY_CREATIVE_REGISTER.md,2517,bf452eb4ac30686cc2c4fe57f0ab596dd7c0e9af07b3aa1f056bf801b2fe8c25
99_ARCHIVE/04_Duplicate_Files/DUPLICATE_FILE_REGISTER.md,288,5bdf4ca5370919e5036d65bd76c6e33362294c78675e4f9192029b039e113ab5
99_ARCHIVE/05_Old_Campaigns/README.md,228,6d6f1e385718ef0de9e400c856a5fc6f53dd4709191599a189aa0427fda01bac
99_ARCHIVE/06_Unverified_Material/UNVERIFIED_CLAIM_REGISTER.md,797,fe3b3306241950e1e61e6a772ce270990138a2f3505bf83c6fae1db0127cd96a
BUILD_SUMMARY.json,879,7f0d2bd3e2a6b846e9869daf7cdd51baba2e3dcd73e9dac53509f43e5127b76e
BUILD_VALIDATION.md,2713,d20b600aca7c88a70d9d32167f3ffa68ca068cab7dc3ee132411c505edd263b5
FOLDER_TREE.txt,14691,d6d0384fa02be83b4a19f5ae111a07e3595208729f8b245cae4c53764009958a
HANDOVER_COMPLETION_SCORE.md,1626,f3e280e404440152fab6d8ee711574a05ea2ac44c4f7285a79847cc80892a547
HANDOVER_REPORT.md,19407,0dc4f1067eacf375f3060141fa5784151d8e40f333d3acc4122e3f2b64983e61
INTERN_ACTION_CHECKLIST.md,2262,7565b2e4591e6e702ccbf6490db293af1efa314f44f3ed3a78697c245178e144
README.md,166,c7686da37760e45a6c16b5966be5093c859629fde0c81ba5933af041f8d9ef0f
