Report ID,Report name,Report type,Period / date,Status,Original source,Destination folder,Summary,Limitations
RPT-001,Instagram audit summary,Social media audit,2026-07-16,DIRECTIONAL,Competitive and Instagram Audit (File Library reference),07_REPORTS/01_Social_Media,"Public-surface profile diagnosis, content rhythm and conversion KPIs.","No Instagram Insights, reach, watch time or booking attribution."
RPT-002,Meta Ads report availability,Meta Ads,Not supplied,MISSING,No source,07_REPORTS/02_Meta_Ads,No actual Meta advertising data found.,Cannot evaluate paid acquisition.
RPT-003,Google Ads report availability,Google Ads,Not supplied,MISSING,No source,07_REPORTS/03_Google_Ads,No actual Google Ads data found.,Cannot evaluate search advertising.
RPT-004,Website implementation status,Website audit,2026-07-13,PUBLIC-SURFACE AUDIT,SEO Foundation + comprehensive project audit,07_REPORTS/04_Website,"Reported website trust, copy, NAP and implementation gaps.",Requires a fresh crawl and access to WordPress/analytics.
RPT-005,SEO Foundation executive summary,SEO strategy,2026-05-26,STRATEGY,SEO Foundation v2.0,07_REPORTS/05_SEO,Comprehensive SEO framework and 90-day plan.,No implementation/ranking/traffic evidence in active handover; estimates need refresh.
RPT-006,GMB performance baseline,GMB,2026-02-19 to 2026-05-18,ACTUAL DATED PLATFORM DATA,Windsor.ai GBP connector via GMB Foundation,07_REPORTS/06_GMB,"3,929 impressions, 161 calls, 35 website clicks, 352 directions; 108 reviews at 4.9 at pull.",Historical; refresh current profile and use comparable date ranges.
RPT-007,Lead and appointment report availability,Leads/CRM,Not supplied,MISSING,No source,07_REPORTS/07_Leads,No source-attributed lead or booking data found.,Cannot connect content/GBP/website activity to business outcomes.
RPT-008,Monthly report template,Monthly governance,Future,TEMPLATE,Handover synthesis,07_REPORTS/08_Monthly_Reports,Cross-channel business-outcome reporting template.,Requires first-party systems and consistent attribution.
RPT-009,Comprehensive project audit reference,Project audit,2026-07-13,REFERENCE_ONLY,File Library DOCX,07_REPORTS/08_Monthly_Reports,Evidence-led full-project audit and claim queue.,Binary not copied; summary only.
