Relative path,Bytes,SHA-256
00_SOURCES/Campaign_Briefs/CAMPAIGN_BRIEF_INDEX.md,364,f1c61766cc880eb52f6f4571195405bbe43a10542c181b97922b5cb51367fac2
00_SOURCES/Campaign_Briefs/README.md,195,24424a2da1799fad4f073b90b8a8bcc133872f85b3e4d0bd0ee65a13aa61ca85
00_SOURCES/Content_References/README.md,167,cc1821dcb5da839cf5773bac6df7d20a5f2d672399f51385278c7fae512dd7cd
00_SOURCES/Design_References/Gore_Hospital_01_Design_Instructions.md,38935,bbd04a70008790d34bfe089dc934301726db5cd390830fd25bdf8196393e9bfd
00_SOURCES/Design_References/README.md,109,0f8d68d63ae4f121b2110db2b2014ea77d13f82117a97990d18afe6eea057857
00_SOURCES/GMB_References/GMB_Post_and_Image_Guidelines.txt,11349,e0ee8997c5c2f594d1f9fb737b895eb3d11c6ac678cfaf27aea52b36806aa2e4
00_SOURCES/GMB_References/README.md,180,dd55d3bc651d4aa9f24a3d2c8f8e0ee3a4ef3ecdd14c6a977060ca8af4da658a
00_SOURCES/OPEN_QUESTIONS_AND_CONFLICTS.md,7018,03e2e5b64247f50194c57494d0b881c1bda1bcb544ff13482bb23b113b5396c6
00_SOURCES/Original_Uploads/Complete_Client_Data_Extraction_and_Handover_Prompt.txt,22096,62686a4853a294bd7206afa838a0572090b0e4257715095d56609bdcd92b276b
00_SOURCES/Original_Uploads/FILE_LIBRARY_REFERENCE_Gore_Hospital_Comprehensive_Project_Audit_2026-07-13-docx.md,541,f95f2b3da3313ef56ef8a1a8b34323bbc7763e481e32f3d9fda04a8783a2316d
00_SOURCES/Original_Uploads/FILE_LIBRARY_REFERENCE_Gore_Hospital_Comprehensive_Project_Audit_2026-07-13-md.md,562,a4d4c1d71d202c1340c22d105e7a9387ee5aad70a8c0364074df1c35c0d596b3
00_SOURCES/Original_Uploads/FILE_LIBRARY_REFERENCE_Gore_Hospital_Digital_Competitive_Analysis-docx.md,562,b79f4b2115293e999e5c20c06cd24724c333c2c2a21eba7977b85692a9ab45c9
00_SOURCES/Original_Uploads/FILE_LIBRARY_REFERENCE_Heart_Carousel_Content-docx.md,540,7e8968fbdecf2b996fbb1eebe383aadcfcce54a6a3e2298d7b0aa5af2042680b
00_SOURCES/Original_Uploads/FILE_LIBRARY_REFERENCE_Hospital-signage-image.md,481,dc1dce3f633cdacd0a57f1df56686a8f1062483e4d1d98253ed60428e043935a
00_SOURCES/Original_Uploads/FILE_LIBRARY_REFERENCE_Legacy-circular-gold-logo-variant-A.md,526,70ecf59cddf6f8dcef2e062fd2317e41b4cbf2320ef392dedd4827d0c304381d
00_SOURCES/Original_Uploads/FILE_LIBRARY_REFERENCE_Legacy-circular-gold-logo-variant-B.md,488,c9d9d126f18f518cb4c40bccc3140365b0bb2aa68d4185891e480deede835dfd
00_SOURCES/Original_Uploads/FILE_LIBRARY_REFERENCE_Legacy-circular-gold-logo-variant-C.md,488,498ec68c11205f7b4ed19ba21e83c98edb5abcf9c188a4f59cd38abbb86cb333
00_SOURCES/Original_Uploads/FILE_LIBRARY_REFERENCE_Pasted-markdown-md-Gore-GBP-Foundation-working-draft.md,569,6f3c0ce7873f2dd9eb7fb2b203198ec9309d2fb3a0bcabac1357cdba40c2bbd1
00_SOURCES/Original_Uploads/FILE_LIBRARY_REFERENCE_Website-testimonial-screenshot.md,522,74b2ffc672eeb7596e348de733b176db355ddadcf2ada2ae08989822f79ecff7
00_SOURCES/Original_Uploads/GMB_Post_and_Image_Guidelines.txt,11349,e0ee8997c5c2f594d1f9fb737b895eb3d11c6ac678cfaf27aea52b36806aa2e4
00_SOURCES/Original_Uploads/Gore_Hospital_00_Strategic_Research.md,85237,0391f8de4e5ade8145561aab38ae8ef29ac64d55232938d917b5c7deb582a189
00_SOURCES/Original_Uploads/Gore_Hospital_01_AI_Prompting_Guide.md,42688,dd920d4a1bbd4f36560193ed2943cfa3dbac1ee473c2bcfd99e88c1d464de010
00_SOURCES/Original_Uploads/Gore_Hospital_01_Design_Instructions.md,38935,bbd04a70008790d34bfe089dc934301726db5cd390830fd25bdf8196393e9bfd
00_SOURCES/Original_Uploads/Gore_Hospital_02_SEO_Foundation.md,34384,36e043598133b3eaf5a35f1bcd80107699ab27d3a6623b666e7bd748edd3e5e2
00_SOURCES/Original_Uploads/gorehospital-logo.jpeg,73797,5a30fded98b08718918da5859cef7271f0cf044300c8470ad6b06f37a26dc5a0
00_SOURCES/PROJECT_SUMMARY.md,1051,1d54e8f2117ee90ff6a128a0e6ab1cb11e47bf50e1de6a3246f3e540004e458f
00_SOURCES/Prompting_Guides/Gore_Hospital_01_AI_Prompting_Guide.md,42688,dd920d4a1bbd4f36560193ed2943cfa3dbac1ee473c2bcfd99e88c1d464de010
00_SOURCES/Prompting_Guides/README.md,96,60bd810e1afa18b3088315076fd0b60a1297bff6ab5d6221d5634fa1b8957e92
00_SOURCES/Research/Gore_Hospital_00_Strategic_Research.md,85237,0391f8de4e5ade8145561aab38ae8ef29ac64d55232938d917b5c7deb582a189
00_SOURCES/Research/README.md,123,c529c2e9a34067e52e60a91db1100e2c02440a8e3d3a6429631ae47b626c0b57
00_SOURCES/SOURCE_INDEX.csv,4948,57dba77b8997c1656b7e0fbaed3cc66ee93abfde95837cad86db2038fec4f055
00_SOURCES/START_HERE.md,763,e66559d4c5d0f083930b26e606175baf63d0ac252f1d99e2a057c5fff4b97b45
01_DESIGN/AI_Image_Prompting_Guide.md,42688,dd920d4a1bbd4f36560193ed2943cfa3dbac1ee473c2bcfd99e88c1d464de010
01_DESIGN/Approved_Design_References/README.md,296,6f5dd79cdb588421a68ed452e46471c0dd1608fbbfeec073895a6d10795db6ee
01_DESIGN/Brand_Quick_Reference.md,1845,3bf25d7ef3d7cdf68402a10d9f4b1b96d72fd17544f2365005f6b6c32d8200a2
01_DESIGN/Client_Design_Preferences.md,860,63f1703c7db240c052534bb7d5b665d0deba020395bb0ada7941d3b78008db00
01_DESIGN/Colour_Palette.md,1055,f696a28eb23852003ef5e1b8f34ac89761e07a28ab87df27b70af3b6768f7c0c
01_DESIGN/Full_Design_Guidelines.md,38935,bbd04a70008790d34bfe089dc934301726db5cd390830fd25bdf8196393e9bfd
01_DESIGN/Legacy_Design_References/README.md,371,cdc158d1696591e0da1852eee720365022e1a175b6d43f1a62e570c5da3f0dec
01_DESIGN/Logo_Usage_Guide.md,1093,c13e6df41f044ee09e53863a40628a7e21603bc36719b809e7df3a88f804dcac
01_DESIGN/Typography_Guide.md,753,9d795d910925c578086e66f1ec05e758c401bb0dee2c2f6a9a9da77e6c09b9d5
02_ASSETS/01_Logos/DATE-UNKNOWN_Gore-Hospital_Colour-Logo_EN-NA-RAW_v01.jpeg,73797,5a30fded98b08718918da5859cef7271f0cf044300c8470ad6b06f37a26dc5a0
02_ASSETS/01_Logos/README.md,416,7e4ebe7671d6d7d795b511e14babdb05a5bcbaa52d3acced54c732fea5207b2c
02_ASSETS/02_Approved_Posts/README.md,176,9d85f324c6bc56280df9cd924e5e6196057f49c9b31d87df3bc2735f3b69ec31
02_ASSETS/03_Approved_Images/README.md,108,4bfd74c1fe03d54c64a89aa1103ee6402636e72b39638c75982eda88f360608e
02_ASSETS/04_Doctor_Founder_Team_Photos/README.md,203,871a00c832da10f8aaef9d05de7c75ef4a27e8bca15e5f807438447a2a7f8055
02_ASSETS/05_Clinic_Office_Product_Photos/README.md,257,4887a77ff129c70ae818db465de6428d4077d402b5c1c47a10957d53c8a428ad
02_ASSETS/06_Raw_Videos/README.md,134,a5ac69901fdeabf83ad9da35364b4398ca07eeb9afae7ef764dda7cc267a8660
02_ASSETS/07_Editable_Source_Files/README.md,188,1969aeb39c64b28c4a6549877bc09562f9d3d69f526a54bf15187309855d802d
02_ASSETS/08_Final_Exports/README.md,204,327368e6b844a620de56df6e044259a360cbc2f17a7e90663a9c29c1b99e9de6
02_ASSETS/09_Stock_And_Licences/README.md,139,ac1806415b7fe8d4792a6526b5182d04ec0c182f9c0b7f21a94a025fc298a299
02_ASSETS/ASSET_GAP_REPORT.md,1482,dd2eb3be6c9a14bfe68a79475cb7fe3d1124eb5df0a20fbefac9f463e9650016
02_ASSETS/ASSET_INDEX.csv,65605,40723992d96958a36f825ff1aaf33df53fdf11a91f721d9e61e0f6f9c0fd0204
03_CONTENT/01_Scripts/README.md,581,c98d988f038d079b96bb74f42daa51351ce7104895c4e9684683ecc6632fb789
03_CONTENT/01_Scripts/Scripts_Found_0.md,533,18ae26681ceb6865cc4ae29bdb1cae9e69fafcd8cc3f1fa7f5df54bdd5554580
03_CONTENT/02_Captions/Social_Caption_Formats_and_Copy_Drafts.md,2003,7bd535fda7862089037baf54e7dcf23bc774103cd16d33046934d93094f262d8
03_CONTENT/03_Content_Ideas/Blog_Ideas_30.md,3140,ae4cc9df509cb21adb6049e1a3a939762b098d872a7da96be81fbc013e8d6b1c
03_CONTENT/03_Content_Ideas/CONTENT_IDEA_REGISTER.csv,70299,18307acf6ace90ea15dacceb314432bdcb9faecbf32ad855374472d1338b0090
03_CONTENT/03_Content_Ideas/High_Intent_Reel_Ideas_6.md,707,3bb6695575db41fc7c350a6d0ce6e3d66d9cf3c055587e55bc934c174e6d9182
03_CONTENT/03_Content_Ideas/Local_Content_Ideas_5.md,580,c66343d9ef9bdf778c8ff8ec763a1e28f04ebfbca3b01c4ea73ba6fab84313d5
03_CONTENT/03_Content_Ideas/Social_Content_Ideas_20.md,2214,eba3dcf11e1115cd0293437b6f7b0478eeecff449ff357b10099bd407348740a
03_CONTENT/04_Hooks_And_Headlines/Hooks_Headlines_CTA_Register.md,1564,33c0e599529c2f61a1493174b106e6887fc07e8f70ad1d1b8c37e61a40cb110d
03_CONTENT/05_Carousel_Content/2026-05-20_Heart-Habits_Carousel-Content_EN_DRAFT-NEEDS-CLINICAL-REVIEW_v01.md,3858,b1689e8000ffbebe5c2b30ab51ea8274b67d0aef399910bbb7107bbb11ab5be8
03_CONTENT/06_Static_Post_Content/Historical_Static_Post_Topic_Register.md,645,23504f50dc34cade40a4d392cbb18f7bea171394135ec352fedc7b1e4926a77c
03_CONTENT/07_Reel_And_Video_Concepts/AI_Design_Prompt_Example_01_Founder-Branding-Post.md,1915,7f05349988e8ec5755d78c861e9a45420886c667b79627cbe81f2a684ee86a5b
03_CONTENT/07_Reel_And_Video_Concepts/AI_Design_Prompt_Example_02_Paediatric-Emergency-Post-Family-Warmth.md,1644,f01b2510942c68511c5662e0be44857001ea7b55c78d8049393f9302cfa74e46
03_CONTENT/07_Reel_And_Video_Concepts/AI_Design_Prompt_Example_03_24x7-Emergency-Creative-Vital-Action.md,1544,120072a27329858c4412cb3abe5d56a4f65d52ed3c5bda2eb8dc1afc4d4dbbbd
03_CONTENT/07_Reel_And_Video_Concepts/AI_Design_Prompt_Example_04_Marathi-Senior-Wellness-Post-Heritage-Wellness.md,2098,dc989e2cf40c7c340d914e7fc6595ce8444789046a9aa01f538f07d11fbb953e
03_CONTENT/07_Reel_And_Video_Concepts/AI_Design_Prompt_Example_05_Festival-Creative-Diwali.md,1608,e7b05c25a0b260e3294e4fcb49728c7945c60acb46e2e49ab4a5fa176afe5cad
03_CONTENT/07_Reel_And_Video_Concepts/AI_Design_Prompt_Example_06_Cashless-Insurance-Explainer-Clinical-Clarity.md,1687,0440f42d87d3806de3a5cc99f43215834ab5a211a517437bd4060a413f3eaa1a
03_CONTENT/07_Reel_And_Video_Concepts/AI_Design_Prompt_Example_07_Specialist-Branding-Cardiology.md,1738,f4fbf27e8ddd20753cb69246de858113f5de82151ce2d0bf156cafbbbebbbd3a
03_CONTENT/07_Reel_And_Video_Concepts/README.md,423,f575f9825f970f437e1a3a63fa98c6ad571ae753a386d11420950b723eefb6c2
03_CONTENT/08_Ad_Copy/Ad_Angles_and_Copy_Drafts.md,2349,70cec5c532439ad060610715b3faf34f8b30b4e5c4442b127574b5d802862793
03_CONTENT/09_Content_Calendar/Extracted_Content_Cadence_and_Backlog.md,1072,a92f13b99c1738800a947f31cfb5e1091330a0c78b64901d7197924c503f1de8
03_CONTENT/10_Published_Content/README.md,191,bd4cd297eda46b889e77e0636066421bcb2b5d85ddd9eb2b061707af110bce0f
03_CONTENT/11_Content_Performance/Existing_Blog_Performance_Baseline.md,751,c1d1d70125666e2e0baf659b5ac5f7257e23cb182468cd3c42278c0ceeb384b4
03_CONTENT/CONTENT_EXTRACTION_SUMMARY.md,628,1293ada4a3f16a1a68ddb75af0d679e2077e5ac7f13c608cdbad10baa2cbbc8a
03_CONTENT/CONTENT_MASTER_INDEX.csv,56936,dfea464572634aa879760fa1719d4e42432f4a8b34cab581eb57ec05e7279384
03_CONTENT/SCRIPT_INDEX.csv,140,167691f4dcaab41769fb943356653bbdb372c8903b5a47126257add575e03467
04_GMB/01_Posting_Guidelines/GBP_Profile_Optimisation_Working_Guide.md,1625,5acc1dc194a97b493aecc66afda07ef119ed17b8161acd6ff37e2028aa028919
04_GMB/01_Posting_Guidelines/GMB_Post_and_Image_Guidelines_ORIGINAL.txt,11349,e0ee8997c5c2f594d1f9fb737b895eb3d11c6ac678cfaf27aea52b36806aa2e4
04_GMB/01_Posting_Guidelines/Gore_Hospital_GBP_Posting_Guide.md,3341,8eaa0f9075ee45b866d38d5e3ba421ba05588dd4f3cf47ade23181289d8b4bbb
04_GMB/02_GMB_Post_Ideas/Four_Week_GBP_Post_Slate.md,670,5b83d51990ec2e9197b9e940184d6e26053855a17e90aa5d5e258c3400d59f95
04_GMB/03_GMB_Post_Copy/DATE-UNKNOWN_Gore-Hospital_Cashless-admission-documents-to-keep-ready_GMB-Post_EN_GBP_1200x900_PENDING_CLIENT_v01.md,907,2dec74ff2ff87d3bc27840fcfb4782f22ded931ab16748d782c03971dadf1e18
04_GMB/03_GMB_Post_Copy/DATE-UNKNOWN_Gore-Hospital_Knee-pain-when-to-consult_GMB-Post_EN_GBP_1200x900_DRAFT_v01.md,859,937b5ffa4954b729a1c4d7f06d8c59dab37b69a331ca8aabee6666864473cd75
04_GMB/03_GMB_Post_Copy/DATE-UNKNOWN_Gore-Hospital_Meet-Dr.-Dattesh-Gore_GMB-Post_EN_GBP_1200x900_DRAFT_v01.md,864,1621ed400b5579b2baf592182e9381b472b1a33bf46161fac04e960609ddda49
04_GMB/03_GMB_Post_Copy/DATE-UNKNOWN_Gore-Hospital_Monsoon-health-checklist-for-PCMC-families_GMB-Post_EN_GBP_1200x900_DRAFT_v01.md,969,47594c6e9b8694bf611a4f820732eb09ed4b2b06da2722304f1fb70cdda1d3cf
04_GMB/03_GMB_Post_Copy/DATE-UNKNOWN_Gore-Hospital_Real-facility-photo-update_GMB-Post_EN_GBP_1200x900_PENDING_CLIENT_v01.md,821,fe8112329fcf0bcab43989b06b3b0a714b1c36833c8389e36e4359e719fb6da0
04_GMB/03_GMB_Post_Copy/DATE-UNKNOWN_Gore-Hospital_Save-the-hospital-emergency-contact_GMB-Post_EN_GBP_1200x900_PENDING_CLIENT_v01.md,815,e50ded7a39bf88b748d853e4d4332f87e87310553e9094f9471c04d314653c07
04_GMB/03_GMB_Post_Copy/DATE-UNKNOWN_Gore-Hospital_When-child-fever-needs-medical-attention_GMB-Post_EN_GBP_1200x900_DRAFT_v01.md,951,c88c16e851162ef92c1c6e8bd90c92cd9cb7feb56d0f15f990953a90944b17b7
04_GMB/03_GMB_Post_Copy/DATE-UNKNOWN_Gore-Hospital_मराठीतून-आरोग्य-मार्गदर्शन_GMB-Post_MR-EN_GBP_1200x900_PENDING_CLIENT_v01.md,1445,9497b52ed29f555c0149aaea5423eda5482d59b27f5334db3b759d4caef9d562
04_GMB/04_GMB_Images/README.md,234,ccac9a963cae75c85b29d0664aa9ab5fdc90cd635f05235c7f5c85655640a953
04_GMB/05_Published_Posts/README.md,138,2881de1138b4e544eb4bc45b75d571063e875322a6ec2669fb4ebfa66987848a
04_GMB/06_Review_Responses/Review_Generation_Workflow.md,993,0e89de04bbc0b4124638951c421356dc9eaa8f4a66fa665408ffe676d21a6a6c
04_GMB/06_Review_Responses/Review_Response_Templates.md,2692,f89a67e64f0a8d265a8b2fba8d4f336069784f919e562a186eb501ccc37a7939
04_GMB/07_QA_Content/GBP_QA_Bank.md,3083,f4163724de1d266006e8045c4f505fc62a2c96b8617c7f67f2c91f0388ccdcdd
04_GMB/08_GMB_Performance/GBP_Performance_Access_and_Baseline.md,1005,6a996864c85c4ce15f6aa2ce0f464f30a65abfb47f223da94e8fad347df9cdd5
04_GMB/GMB_CONTENT_INDEX.csv,6984,13fd73269404878a26d4d14dc1e032013149033904159d588097f02742df0270
05_CAMPAIGNS/01_Founder_Led_Trust/Ad_Copy/README.md,189,5b9b2a875dbac005b93ebcfce16ab17ac1e364d73b9b9c2020d71ceb6a41ef64
05_CAMPAIGNS/01_Founder_Led_Trust/Approvals/README.md,191,09ddfdbf87fd5b23282942fa0dac30a4a307071c1ad98570f8209c93b14ab31d
05_CAMPAIGNS/01_Founder_Led_Trust/Brief/CMP-001_Founder-Led_Trust_Brief.md,2008,6ad1cc0911e80410bfee3a3fe2893ddf4f0e2d1e468c6c1726e47c18b4860191
05_CAMPAIGNS/01_Founder_Led_Trust/Captions/README.md,190,9db0c28dd8962caedffa146b78cd422a538e42a77548d518ff95b6ea0054b539
05_CAMPAIGNS/01_Founder_Led_Trust/Creatives/README.md,191,b178056c1ca9bf6fbadf45ac843248842c85f138357d4cd07f20eaa0d6a72b9c
05_CAMPAIGNS/01_Founder_Led_Trust/Landing_Page/README.md,194,9563b2dc9f413c895a7796fdface402e12928f08bdf0ccf381b77f436feb788d
05_CAMPAIGNS/01_Founder_Led_Trust/Performance/README.md,193,9d0fbdcec052074ad306f3b0570cb9c15ad770e603c0eb05fb69d64641d1e9f4
05_CAMPAIGNS/01_Founder_Led_Trust/Research/README.md,190,5e9c0496a1aeecc75655b863fbe26ae55f66ce8705f09f92ee28001acbbfc0c2
05_CAMPAIGNS/01_Founder_Led_Trust/Scripts/README.md,189,b1d1521b4b91fee1cc50053bb11c2615dc6393223cafaad5f30ef48fb094bb18
05_CAMPAIGNS/02_Honest_Care_Transparent_Billing/Ad_Copy/README.md,203,a7f51418c3316c14abc3f87f7afeb9795cf39883f3473a719bfcb847a844c49e
05_CAMPAIGNS/02_Honest_Care_Transparent_Billing/Approvals/README.md,205,a291a5675f61d18bd76c2dbc3c1abeb546f36de7f946ccd85a28d7a7fda74e61
05_CAMPAIGNS/02_Honest_Care_Transparent_Billing/Brief/CMP-002_Honest_Care_and_Transparent_Billing_Brief.md,1999,870c2a7a68e5dc46b194e8d15822b1fc6b3eff3957ff7c2d4cf26e2d5c0cf36d
05_CAMPAIGNS/02_Honest_Care_Transparent_Billing/Captions/README.md,204,c834832043a2edf929c09b6789b46cdfe9939ae265717879cc6f51ffbc29fefd
05_CAMPAIGNS/02_Honest_Care_Transparent_Billing/Creatives/README.md,205,b08cd201ac7314c18dbe919462bd37ea2940ed15067fbcde6818d8d67732695e
05_CAMPAIGNS/02_Honest_Care_Transparent_Billing/Landing_Page/README.md,208,1aa4739f3bb24d56b5a3fad18f9a011c285f051aebe3a2d1e5c26a275a98e2aa
05_CAMPAIGNS/02_Honest_Care_Transparent_Billing/Performance/README.md,207,cd1a3c014556878f329607f1b03aeaef41da5fceae5ec1aa6223016c5c7595f9
05_CAMPAIGNS/02_Honest_Care_Transparent_Billing/Research/README.md,204,10ec534b9118ef12e3d32947f54ee715d90215259d91d2f945d36f09a94c572b
05_CAMPAIGNS/02_Honest_Care_Transparent_Billing/Scripts/README.md,203,fe01316e588b3002510131a28ad00c1f59eaca04513ebdd30172ae9302d1cd8e
05_CAMPAIGNS/03_Family_Health_Membership/Ad_Copy/README.md,196,a9de697d9c04cc350b6bc86435b653b385858be7a5b57d569a66b948ed4b1673
05_CAMPAIGNS/03_Family_Health_Membership/Approvals/README.md,198,9742a272deca291dc31b9e5e07fc1ff17e9a6142c464ba0fd024f5b6ed2d06d0
05_CAMPAIGNS/03_Family_Health_Membership/Brief/CMP-003_Family_Health_Membership_Brief.md,1898,ed2f2ac1246f419b6651994403ebd3c28f84173d04fedeb7322362823c8a5334
05_CAMPAIGNS/03_Family_Health_Membership/Captions/README.md,197,f55945a1623c41467f1170179a09499de64a65c7cd1b0f9380df6c9c129c383e
05_CAMPAIGNS/03_Family_Health_Membership/Creatives/README.md,198,220a62ef5e327425cd550a5a3736a88f5fc29f9f745e73124a5af9dcbb4dd4b8
05_CAMPAIGNS/03_Family_Health_Membership/Landing_Page/README.md,201,f4e60f87ac2a478a6a93b4c5d99370e2875eb0a9235fa5c23abdb9d03df0c860
05_CAMPAIGNS/03_Family_Health_Membership/Performance/README.md,200,c6d24f4494e37138cda9e5b36c1e7d6e3bfd294761befd04faebf0a34cac1644
05_CAMPAIGNS/03_Family_Health_Membership/Research/README.md,197,d045e9b8709660b16e38c9c1eef0d19a7334f7efeb301a672bb948f98aa47a08
05_CAMPAIGNS/03_Family_Health_Membership/Scripts/README.md,196,9eb08634c7055429eec5fb4d46c52e31d1729b9fd8fe0b09ba51a9c34ed0da47
05_CAMPAIGNS/04_24x7_Emergency_and_Trauma/Ad_Copy/README.md,197,9368f1fc5ca1c9de94be69983920bd269b9a6cc69a81c0e71c000e7bc6552778
05_CAMPAIGNS/04_24x7_Emergency_and_Trauma/Approvals/README.md,199,e0b91cd4ad2db09f91d8e9a30c9eca2e69f05893c71fdf97b1050d56aa7300f2
05_CAMPAIGNS/04_24x7_Emergency_and_Trauma/Brief/CMP-004_24x7_Emergency_and_Trauma_Brief.md,1933,7afeda2495a07897dd4573f9c75771bdca0114b8567f6ed94e8dde8eb3e459c0
05_CAMPAIGNS/04_24x7_Emergency_and_Trauma/Captions/README.md,198,c5c816d3bc4f48f679f8eaa84ac9b8e7daf8703d8cd87424c443cbeea82f4d3e
05_CAMPAIGNS/04_24x7_Emergency_and_Trauma/Creatives/README.md,199,66638fd0c9b00e6d828a495fb1e33ffad8a43e9e4f1e3cd1d3e65ff1020d3858
05_CAMPAIGNS/04_24x7_Emergency_and_Trauma/Landing_Page/README.md,202,df935afdf837667aab05f00b8c809658b3d463dc76675a58c91e503a69f39c74
05_CAMPAIGNS/04_24x7_Emergency_and_Trauma/Performance/README.md,201,5ad8ab11ce5a9a02dc6b7541f0f0f95b2b90ca81a5c143bbcd1f440262ab58b6
05_CAMPAIGNS/04_24x7_Emergency_and_Trauma/Research/README.md,198,f8a3a11798c2b88e2fd866a63e9a888a6053634d551a8ebb3c8fc30b46c19f65
05_CAMPAIGNS/04_24x7_Emergency_and_Trauma/Scripts/README.md,197,44a190c50ea1b2948ffa244e34e9b67e02abc528a68303dae25431d1d1e4c30d
05_CAMPAIGNS/05_Paediatric_Fever_and_Child_Health/Ad_Copy/README.md,205,e478579fbc5c6c21c296130fab6fee1ffc43b460f227c42c63da0a25306fd342
05_CAMPAIGNS/05_Paediatric_Fever_and_Child_Health/Approvals/README.md,207,bb0a36f06dc67dd30a39a9b4a99238ac2583e43acd9a5fe034a4732a7e93ce3e
05_CAMPAIGNS/05_Paediatric_Fever_and_Child_Health/Brief/CMP-005_Paediatric_Fever_and_Child_Health_Brief.md,1919,5c1b1134d52ae3770f351cb352a2400546faa4d9b63f9827c601fe489f8168d9
05_CAMPAIGNS/05_Paediatric_Fever_and_Child_Health/Captions/README.md,206,3b84e2eff815363b263eb2cf817f74881996356a7494b031e85b3e92da2b95d7
05_CAMPAIGNS/05_Paediatric_Fever_and_Child_Health/Creatives/README.md,207,e7ea06c720e8ae2a0e3ee2ee86cfaa57697743065e1499f94ee1cd516e4ee0d8
05_CAMPAIGNS/05_Paediatric_Fever_and_Child_Health/Landing_Page/README.md,210,4a1c077cb5aade0f2b517d9246d289f34547767533ffcf3009c96b7c198f7700
05_CAMPAIGNS/05_Paediatric_Fever_and_Child_Health/Performance/README.md,209,49f40d461e064268d30838e2a484906ff9dcb48681c702a9eb0145a75ef1ce25
05_CAMPAIGNS/05_Paediatric_Fever_and_Child_Health/Research/README.md,206,6bac1b9f4ff5448033a2a5218b6a75ed4bace16c2b81c3eab89dcf8f24c98775
05_CAMPAIGNS/05_Paediatric_Fever_and_Child_Health/Scripts/README.md,205,66319e808dd2151d2aa69185c6e12f7adcd758296194068ca5541bdecac41e6b
05_CAMPAIGNS/06_Heart_Health_and_Cardiology/Ad_Copy/README.md,199,098210d7f2d5d6308db661d4ee61fcb3e4b4a094c3bd1db12089c06be08ab568
05_CAMPAIGNS/06_Heart_Health_and_Cardiology/Approvals/README.md,201,6fe7432beedabbe1e5acc04b26c0582f4099d1ead58754ba1ca8745669e6dd0d
05_CAMPAIGNS/06_Heart_Health_and_Cardiology/Brief/CMP-006_Heart_Health_and_Cardiology_Brief.md,1889,dc1d1884c71eb19592e19f7b33c67d32cbf6e738b2866429b85ed81ff9a9692a
05_CAMPAIGNS/06_Heart_Health_and_Cardiology/Captions/README.md,200,e940896e594f543a49ef78301a7f1de5e1cf8b3a0c858e2c4de5d614b3956f4c
05_CAMPAIGNS/06_Heart_Health_and_Cardiology/Creatives/README.md,201,c1bc0f4263365147ead64e0160dd5e67dd66759e82f8178f92f53fd620181ddf
05_CAMPAIGNS/06_Heart_Health_and_Cardiology/Landing_Page/README.md,204,e03a1d18473be7f1011e4a4b47bd2c7abc386a3be8d4be5d0e3bb26a2dc37459
05_CAMPAIGNS/06_Heart_Health_and_Cardiology/Performance/README.md,203,321b9dd9a12350f3bcee3de3fa2ff7b01843c9e9f00316625aee089c798edc82
05_CAMPAIGNS/06_Heart_Health_and_Cardiology/Research/Heart_Carousel_Clinical_Risk_Note.md,381,2bec17cda60ede5197c24c0e7c718c2dad376de6abaaa40f1c97418b27c4096f
05_CAMPAIGNS/06_Heart_Health_and_Cardiology/Research/README.md,200,ef7086df17ff18d91db8ac28ad58589e277acf2c661395b94e65c97579a17202
05_CAMPAIGNS/06_Heart_Health_and_Cardiology/Scripts/README.md,199,17023159c53569b3b629bbd322aa50f4e9406d8467b23aa18139b8095cbe8946
05_CAMPAIGNS/07_Orthopaedic_Joint_Pain/Ad_Copy/README.md,194,da61bedeb0e076d4518f339302086d1cf7cdce08f86c33f4c6f1aff771eed0f3
05_CAMPAIGNS/07_Orthopaedic_Joint_Pain/Approvals/README.md,196,f4514188852d746587c0aab5d6b7bc4483f5393140f301edd6c13229a6b3dcb2
05_CAMPAIGNS/07_Orthopaedic_Joint_Pain/Brief/CMP-007_Orthopaedic_Joint_Pain_Brief.md,1871,cca4aa746d1a925fec16b9ffba2f5e3732b1509f403bc306c668a640aa3effbf
05_CAMPAIGNS/07_Orthopaedic_Joint_Pain/Captions/README.md,195,35dfd3da2ed22e6988c56435e7e89790281693619158025f2a2f42c63e6cc899
05_CAMPAIGNS/07_Orthopaedic_Joint_Pain/Creatives/Historical_Asset_Note.md,370,29fdf4e603c1ef49144f89050d17415b5ed5e2ba587ea304c09c3d0a86a00a4f
05_CAMPAIGNS/07_Orthopaedic_Joint_Pain/Creatives/README.md,196,69034d6afae67bd3d0f73d622c6be162ec7e18c6fa2d2a5296f4ff2b278b735a
05_CAMPAIGNS/07_Orthopaedic_Joint_Pain/Landing_Page/README.md,199,a992f36285c99c05e9b938ffe3cc32a34702f99617163f5f406dd941cd5350d6
05_CAMPAIGNS/07_Orthopaedic_Joint_Pain/Performance/README.md,198,11b1535824d588402d054aa1551ddb196e1999ebe70e45f122c6201acbba92a2
05_CAMPAIGNS/07_Orthopaedic_Joint_Pain/Research/README.md,195,709f5e4727f212941fce5c80365d9c79f92c7f19a93816a28445a7f06e300563
05_CAMPAIGNS/07_Orthopaedic_Joint_Pain/Scripts/README.md,194,6241ff1da7c7ca8eecc0342f2adbf5b23c1a55d71b05d5e7fca0fce84cd484a4
05_CAMPAIGNS/08_Senior_Wellness/Ad_Copy/README.md,187,a802431793f15a1d3ad0acb7124a8181c4bc97aec08b1ecf06d08775be445453
05_CAMPAIGNS/08_Senior_Wellness/Approvals/README.md,189,cc15706c61b79f3f64b5eeec64ad8e8a07399c0c2cb073148d8308ad3dc8b139
05_CAMPAIGNS/08_Senior_Wellness/Brief/CMP-008_Senior_Wellness_Brief.md,1772,86e7b6ee90a44d478953b6437a0aceebdf04d348eb4a9a3c782937646a2744e7
05_CAMPAIGNS/08_Senior_Wellness/Captions/README.md,188,cc7edf2835c594ebdc76ad25faa6a41cda4015e37a65e0ab9dd2da3fe9632990
05_CAMPAIGNS/08_Senior_Wellness/Creatives/README.md,189,33bbdef0b20e9f1ae58908a34670f045645b99f3114c53c94a4515b3a24c85db
05_CAMPAIGNS/08_Senior_Wellness/Landing_Page/README.md,192,7398cc33aa111b7ec932143bda6ca9159ca9d212d6f3e73759989c0a52cac809
05_CAMPAIGNS/08_Senior_Wellness/Performance/README.md,191,18307e6b9245b1e08f6ed3307c6cafc9c644ddbc4cd4991ba1bb1f311b367835
05_CAMPAIGNS/08_Senior_Wellness/Research/README.md,188,02c37767fcbb0d645f3e1f1305983f1127b006911ccd5bf8e3b23a0d0ff853f0
05_CAMPAIGNS/08_Senior_Wellness/Scripts/README.md,187,16f50d1fe1ef6dbdf9a8fb53513ad3adc2ea3ec6433e98e9ad5aa4d9f2721acc
05_CAMPAIGNS/09_Cashless_Insurance_Education/Ad_Copy/README.md,200,e72740f907232093079c5857f4a2e3a6fda1bb955e61a208ad32235d3165967c
05_CAMPAIGNS/09_Cashless_Insurance_Education/Approvals/README.md,202,f023459bfeaf27d2732ba185063331ee321efcd6c955908b7f7a0944fe1fa143
05_CAMPAIGNS/09_Cashless_Insurance_Education/Brief/CMP-009_Cashless_Insurance_Education_Brief.md,1751,5db09d308a506e0750e9a04ea7393576762794ec937817b3550ddf90c4ea00c2
05_CAMPAIGNS/09_Cashless_Insurance_Education/Captions/README.md,201,3ab04c15b397d137eccf2ea53de8b85347e7d1b28338ede2ee0d64679b569b4e
05_CAMPAIGNS/09_Cashless_Insurance_Education/Creatives/README.md,202,f075e7d626aa80c4a11b1ca09f4e10208f1f1948d5d8f6388c7fbcf4512daa9c
05_CAMPAIGNS/09_Cashless_Insurance_Education/Landing_Page/README.md,205,1e76a627aae039e06e52349fc3443a8aa4c073433f23696f909f17cab59bb4bd
05_CAMPAIGNS/09_Cashless_Insurance_Education/Performance/README.md,204,5bf2ccc38c554dbdd288151e6b4aff146c13428ebe9549ef1032a71af8dd8bfd
05_CAMPAIGNS/09_Cashless_Insurance_Education/Research/README.md,201,d60965582a1a5ca05a27bc0e3f131ea12e7913dbe06999abdc22a6f4b3a1264e
05_CAMPAIGNS/09_Cashless_Insurance_Education/Scripts/README.md,200,ff1d099a65111987c64315f84b198cb64fc0fa180b0ba0bbdca54c9366cf29ac
05_CAMPAIGNS/10_Monsoon_Dengue_and_Seasonal_Health/Ad_Copy/README.md,206,6f8f56eb65a5de8fa4322f44eb0fae149a9b12510891867ef4eedec0e72bc01f
05_CAMPAIGNS/10_Monsoon_Dengue_and_Seasonal_Health/Approvals/README.md,208,e5bccb288cd59329d5e15f827dc60f8e37170b8d6713658e21542cfdff6b7423
"05_CAMPAIGNS/10_Monsoon_Dengue_and_Seasonal_Health/Brief/CMP-010_Monsoon,_Dengue_and_Seasonal_Health_Brief.md",1903,bcc214690c5fd9d131c3756a5a2cc27dbb90bd8c9a7fe04e02a61c9b5a796b39
05_CAMPAIGNS/10_Monsoon_Dengue_and_Seasonal_Health/Captions/README.md,207,aa4859de6fd4d0c6b05b6cf9faf64c4199bc3c72651fba216c520bde3d5a7f93
05_CAMPAIGNS/10_Monsoon_Dengue_and_Seasonal_Health/Creatives/README.md,208,b31f9715189ea036cc6e424552a52f6a33e4ca7f50dafa10b8f49fb02284a1d4
05_CAMPAIGNS/10_Monsoon_Dengue_and_Seasonal_Health/Landing_Page/README.md,211,4a2ed7235e4956e0feda14ce3b3651b605ed5b40b2a67bb5c1e2bd657b28f2f7
05_CAMPAIGNS/10_Monsoon_Dengue_and_Seasonal_Health/Performance/README.md,210,a97af99cc93a41bef5eb5db2140a5bbeb12ac5f3431f258ad6739750d8e275c2
05_CAMPAIGNS/10_Monsoon_Dengue_and_Seasonal_Health/Research/README.md,207,ee250c1a0bbef866f47a52753239414c082a4fd7a9f387eef73a88d7b6a0053f
05_CAMPAIGNS/10_Monsoon_Dengue_and_Seasonal_Health/Scripts/README.md,206,0ea9c5b5d690b1eb8463197ea301f99ef344bdbd2a5b6cea8ee8a2cf6d5ba760
05_CAMPAIGNS/11_Marathi_Local_Health/Ad_Copy/README.md,192,a337957ec01aacb21b42fffedbaa7a7543c2f0efa37443a6034ea0785a89ef5a
05_CAMPAIGNS/11_Marathi_Local_Health/Approvals/README.md,194,bbb718cec71a906511d3f00282fbd98b2644224fe1f9451e4e7509b088c2d385
05_CAMPAIGNS/11_Marathi_Local_Health/Brief/CMP-011_Marathi_Local_Health_Brief.md,1946,c7f40d672374d77e548462fba1704220ed4fb6d2dd30bcd3deac9ac13d17cb84
05_CAMPAIGNS/11_Marathi_Local_Health/Captions/README.md,193,aa0b4e832139fd139ad60c6361f0f1eef906195a35d1439f7671529e79ed20c5
05_CAMPAIGNS/11_Marathi_Local_Health/Creatives/README.md,194,5cacecfaeb27498237393cbb78acf21396a21913cc29e066af2fb205dceba4e9
05_CAMPAIGNS/11_Marathi_Local_Health/Landing_Page/README.md,197,0550000eb588fc9621149d4b1832256cfe9c0b85fad464bc97064fb07eb76101
05_CAMPAIGNS/11_Marathi_Local_Health/Performance/README.md,196,46723755f385bc04fb98b38a4d93aaa1eb13b0bbcbfa4a79f4e63f1055c01527
05_CAMPAIGNS/11_Marathi_Local_Health/Research/README.md,193,61c6346f355a411eba24015c2a22ba8885edb495d8706cec4515930564baad46
05_CAMPAIGNS/11_Marathi_Local_Health/Scripts/README.md,192,f9cd6fc2a2da5da20a9e3aed23c84c29bcf6511bd6a44fea45bd1261e92e9d41
05_CAMPAIGNS/12_Festival_and_Occasion/Ad_Copy/README.md,193,80c372176a34ba420f1c5b35ba351f2a6c2cb6c36c67744c36d0d78068d66e33
05_CAMPAIGNS/12_Festival_and_Occasion/Approvals/README.md,195,afd3dc89eefd1aef1c29661d4eb95ca88c52be5ac920c0b002098f576181a3bc
05_CAMPAIGNS/12_Festival_and_Occasion/Brief/CMP-012_Festival_and_Occasion_Brief.md,1690,3dc9c1efdea39e955422bbf5d5f455d0958a6c655c0e252a0c1c02b8580cd6bb
05_CAMPAIGNS/12_Festival_and_Occasion/Captions/README.md,194,b22d71ef4c1fe80e50345584467809bd46de1e3ac88acea2e342c701c75431f3
05_CAMPAIGNS/12_Festival_and_Occasion/Creatives/README.md,195,8930aa4e6d7f646ca4010e32c5e90678b3afc546e053ba5e18c190cd1c8092b1
05_CAMPAIGNS/12_Festival_and_Occasion/Landing_Page/README.md,198,1f6c515c269c268936f629d31c05f5e7012e102098454924b828a1442ef77246
05_CAMPAIGNS/12_Festival_and_Occasion/Performance/README.md,197,a2ada43cea8075c98a3ff92fdba948a3bca70255edf2632f05454d0d002b8191
05_CAMPAIGNS/12_Festival_and_Occasion/Research/README.md,194,3a1622294fbc90f85d2d80fb868c4ffd18853f9b5f17f5f3a4e8a3db1af73fa0
05_CAMPAIGNS/12_Festival_and_Occasion/Scripts/README.md,193,b112a14ed160ea1ce4dee02fecf7f17d486c98b861c167adc1b49b25489bea39
05_CAMPAIGNS/13_Marathi_Mega_Surgery_Camp_2026/Ad_Copy/README.md,202,f7564b9e0a3e58022174b9eee07aa3f061f749915e098f441530c6a11f26bbbc
05_CAMPAIGNS/13_Marathi_Mega_Surgery_Camp_2026/Approvals/DO_NOT_USE.md,371,5ff92f06baf695e7e3686444836c84685b8c3b0fe6fe765102a7315f16abb5d0
05_CAMPAIGNS/13_Marathi_Mega_Surgery_Camp_2026/Approvals/README.md,204,434c9d0dd3b498d6b521baca8eab6794958c5a198f6eb289f3aa75f9d4b94edf
05_CAMPAIGNS/13_Marathi_Mega_Surgery_Camp_2026/Brief/CMP-013_Marathi_Mega_Surgery_Camp_2026_Brief.md,1478,1273689f55441b30fefab68c567b617a09d8cc1bc777f68b2fbdacf0944d3a51
05_CAMPAIGNS/13_Marathi_Mega_Surgery_Camp_2026/Captions/README.md,203,91fca5d89beab8bb6a2f0e54fd15c04015bf884c4c2d04615c1cff22814f88b9
05_CAMPAIGNS/13_Marathi_Mega_Surgery_Camp_2026/Creatives/README.md,204,092c2c1f7af43761d206db911ee81365cd1321d09950ab21a015346ae5898c73
05_CAMPAIGNS/13_Marathi_Mega_Surgery_Camp_2026/Landing_Page/README.md,207,180bb8397b32dd8790837e13d34d246014b56d05b3dda78541fc3ddc7b19ba91
05_CAMPAIGNS/13_Marathi_Mega_Surgery_Camp_2026/Performance/README.md,206,51cdfc117964b45dc7865d04fbcb2d5ae1e5f5bf518e09fe7a221fd6cc94dfb0
05_CAMPAIGNS/13_Marathi_Mega_Surgery_Camp_2026/Research/README.md,203,90a8dd5ac32ecb588992516cf26ec5e89f67638ab03de1d389c4302702562263
05_CAMPAIGNS/13_Marathi_Mega_Surgery_Camp_2026/Scripts/README.md,202,bea3115cbe785c5de06f566f5979fe01fd2c8f73f7d0f9d97faad2b1a03c519c
05_CAMPAIGNS/CAMPAIGN_INDEX.csv,8608,9b36670fd775d514e9c9895e9c577c760e4b0cd32e0ba87ab23a0e98219b530e
05_CAMPAIGNS/Future_Campaigns/README.md,258,1279212b2ea519727e381e43c4ad9514c955c22c9d1204c849a2019922d236a0
06_CLIENT_DETAILS/Approvals/APPROVAL_LOG_TEMPLATE.csv,133,3a48d04e75a7972143d632f10416fa34bd508cc7fe3a6352d9195b127e8c259b
06_CLIENT_DETAILS/Approvals/README.md,247,f1557cfd790439eee4887597c0ad11e1190bd101ab52420b92c59efb01625b0b
06_CLIENT_DETAILS/Audience_Profiles.md,1992,b240649369c90cf924a64deb8e20c54b064aa5785459323994fe48f59ad59ad8
06_CLIENT_DETAILS/Brand_Positioning.md,1552,3bad2e6c558598ae2558c12e993a6fed05c555c86fb3a0fe3c1937862d8bce26
06_CLIENT_DETAILS/Business_Details.md,1976,5fafb8cc33b21785d0d4ee415b3ab089f67b64fcc9909aaacdbe80bc326c9d4d
06_CLIENT_DETAILS/Client_Fact_Sheet.md,2734,20bf0c7e223826621d732ef1a3d50cae5af28d330eeb0f95cea0ce116b23ab0a
06_CLIENT_DETAILS/Client_Preferences.md,1690,93937d75f81e9724ac5d058becb96431743bec35f96532c90a8029665e2176ec
06_CLIENT_DETAILS/Contact_And_Location.md,1773,6f6a1da2e6964181dfb5d3b555fb3fdd20fa61d456b59b8dda6087df306c03c3
06_CLIENT_DETAILS/Doctors_Founders_Team.md,2186,1f1055d8b14da3e86caaf27bf96794f5297d7837ad2d47ab326f919989c920fc
06_CLIENT_DETAILS/FACT_CONFLICT_REGISTER.csv,7440,acac00c4e7415940c648655cdf646708e9d31a36701bca91096e855e50056cac
06_CLIENT_DETAILS/HANDOVER_COMPLETION_SCORE.csv,1733,53f347d137cdd7ae5dcbea3b5edf08a46a62c79938918068eaa4015d41db06f7
06_CLIENT_DETAILS/Services_And_Offers.md,3940,cf6f1e82f6f0e27322754e3217b5a704029c30fbba380a393774501230e7dacd
07_REPORTS/01_Social_Media/Public_Instagram_Snapshot_Note.md,388,f54d0be46494d4d31517880bbec1b70df794a2941cc92c2cd9f1296d6de55f65
07_REPORTS/01_Social_Media/README.md,210,d9c37e43a4c885ae1849b67c025d8af61bf0bade62a6257bf2e8acea63716fd5
07_REPORTS/02_Meta_Ads/README.md,132,bc78bcba1d40728f31d6344ce51c9d82dc2f0e82d8228e989cbf484645400203
07_REPORTS/03_Google_Ads/README.md,121,1c84a3953956998755621dba39ca419158ccc929f6be5424f5fb479dafba5c03
07_REPORTS/04_Website/Comprehensive_Project_Audit_Reference_Summary.md,1272,af9b37c15bf8f593ff346c0727c5fee65dd317dcc697773eceddf8443ccb41a7
07_REPORTS/04_Website/Digital_Competitive_Analysis_Reference_Summary.md,1167,eb65186b4fd4725ed67e13efa2fa5d06deed038e4cf4329d42371765f76d60c9
07_REPORTS/05_SEO/2026-05-24_Gore-Hospital_SEO-Foundation_EN_Website-GBP_90-Day_RAW_v01.md,34384,36e043598133b3eaf5a35f1bcd80107699ab27d3a6623b666e7bd748edd3e5e2
07_REPORTS/05_SEO/Gore_Hospital_02_SEO_Foundation_90-Day-Baseline_ending-2026-05-24.md,34384,36e043598133b3eaf5a35f1bcd80107699ab27d3a6623b666e7bd748edd3e5e2
07_REPORTS/05_SEO/SEO_Baseline_Executive_Summary.md,1672,994203bc7dbf9213d61a0c436f7a4691aac3f31befbedc29f976a54084f82a22
07_REPORTS/06_GMB/GBP_Baseline_and_Access_Summary.md,375,1d857a936070ca634180c12c616d532be69c3a26001b124ffd4a65905465f434
07_REPORTS/07_Leads/README.md,220,1cecd05be95ead313e770f5dbcadea941d186d5034aeef9799fe4fe291d04ae1
07_REPORTS/08_Monthly_Reports/README.md,227,124236dae450cdd67f1ba73f8d8a80816893d02a265e27010cb47e1007f3afff
07_REPORTS/REPORT_INDEX.csv,2037,ae2a228a5e50c14dc462e9ceccebe4428e6175c22913a6932003b80ccdb4c4f4
99_ARCHIVE/01_Old_Guidelines/README.md,305,9cb6b145913133a9f4c542ae57ca4223678d4424623664730bca79dc23221c00
99_ARCHIVE/02_Rejected_Assets/README.md,348,c220826923d93903b2b71f3d2db77e10ce64712af48de44d3f6fc26bfecb86c6
99_ARCHIVE/03_Superseded_Content/README.md,264,ccc9c807a189fa1f0b15aa82dfa288c1e6dfad686bfb86355bd99faee17d2d27
99_ARCHIVE/04_Duplicate_Files/README.md,228,6c6b53ce6ffde63731fade373e7387c5d9e4681a77106977e739b5ce6ab6a825
99_ARCHIVE/05_Old_Campaigns/README.md,236,79f5eb1650eaafe5d49be77c0f40e170a1f5623eb9a49a560fe6aa7b05c7d601
99_ARCHIVE/06_Unverified_Material/High_Risk_Claims_Register.md,871,e3fc4349e3b8b5b859ce44943b7c9029db5ffa7a11d9280e7736da7ec8fb6d4d
99_ARCHIVE/06_Unverified_Material/README.md,276,a4394f4181ea770e534ef231cc642ed0fa1e625d3af8db76d550872e32ee41b8
99_ARCHIVE/ARCHIVE_ASSET_REFERENCE_REGISTER.csv,36292,971d32167088e4493db77b0d36d73f094634f900c8463784a86dc2fe30ec3b35
CLIENT_QUESTIONS.md,3970,5858a403f7376f89b0c2afdfcc3a9d36016bb781d4334ec277f30ffae99734b4
FILE_NAMING_STANDARD.md,753,087cca90bb34046d5fa19d847393547750e50e883256f1c910068c842b48e7a4
FOLDER_TREE.txt,6719,e883f938aac0fe435159db9a634685f60507a74f57ceb69035e3c9520685a5aa
HANDOVER_REPORT.md,17425,057ccf103bdb4b79f1962d814959ac55753892f52648036d7dc77624f8471944
INTERN_ACTION_CHECKLIST.md,4167,38de329be4b1835a1400df7068249ee047dda1e23c7331c3c93857f9d81e8feb
START_HERE.md,2313,21347d5829c663da9933effdd6545010d150044cc37eda81bdf07407d52673bf
VALIDATION_REPORT.md,1262,e4cdf9bbc5061d5ff79691249f5d6e03381caf99621f9148437582a774145ba0
