Copy,Reason,Action
80% of our patients avoid surgery / find non-surgical relief,No evidence supplied; outcome-rate claim,REJECT until audited evidence and compliance approval
500+ patients treated this monsoon,No evidence supplied,REJECT
Best pain management clinic,Unsupported superlative,REJECT
No surgery needed,Blanket medical claim,REJECT
Walk in during lunch. Walk out pain-free.,Guaranteed rapid outcome,REJECT
Get relief in 30 minutes,Guaranteed rapid outcome,REJECT
"PRP ₹15,000 vs knee replacement ₹4 lakh / 3-day recovery",Unapproved price/recovery comparison,"NEEDS VERIFIED CURRENT PRICE, CLINICAL CONTEXT AND APPROVAL"
Free second opinion / free MRI review / ₹500 offer,Offer not confirmed,HOLD until written approval and validity
Surgery avoidance guarantee,Guarantee and possible referral claim,REWRITE as honest second-opinion process
